BOM_ID,PRODUCT_ID,BOM_VERSION,EFFECTIVE_DATE,STATUS
1,1,A,2025-09-21,ACTIVE
2,2,A,2025-07-31,ACTIVE
3,3,A,2025-09-11,ACTIVE
4,4,A,2023-02-28,ACTIVE
5,5,A,2024-10-01,ACTIVE
6,6,A,2024-05-29,ACTIVE
7,7,A,2023-04-18,ACTIVE
8,8,A,2024-01-25,ACTIVE
9,9,A,2023-08-23,ACTIVE
10,10,A,2023-12-19,ACTIVE
11,11,A,2025-06-12,ACTIVE
12,12,A,2024-11-29,ACTIVE
13,13,A,2023-01-24,ACTIVE
14,14,A,2023-03-02,ACTIVE
15,15,A,2024-10-22,ACTIVE
16,16,A,2025-07-29,ACTIVE
17,17,A,2023-05-26,ACTIVE
18,18,A,2025-08-11,ACTIVE
19,19,A,2023-09-28,ACTIVE
20,20,A,2025-08-28,ACTIVE
21,21,A,2024-02-18,ACTIVE
22,22,A,2023-08-16,ACTIVE
23,23,A,2024-01-01,ACTIVE
24,24,A,2024-04-28,ACTIVE
25,25,A,2023-12-29,ACTIVE
26,26,A,2024-01-27,ACTIVE
27,27,A,2024-03-15,ACTIVE
28,28,A,2023-12-10,ACTIVE
29,29,A,2023-01-10,ACTIVE
30,30,A,2024-02-07,ACTIVE
31,31,A,2023-01-17,ACTIVE
32,32,A,2025-01-29,ACTIVE
33,33,A,2023-01-16,ACTIVE
34,34,A,2025-01-27,ACTIVE
35,35,A,2024-08-25,ACTIVE
36,36,A,2024-04-16,ACTIVE
37,37,A,2023-09-22,ACTIVE
38,38,A,2025-08-17,ACTIVE
39,39,A,2024-02-24,ACTIVE
40,40,A,2023-02-04,ACTIVE
41,41,A,2024-05-20,ACTIVE
42,42,A,2023-08-05,ACTIVE
43,43,A,2025-04-06,ACTIVE
44,44,A,2023-06-27,ACTIVE
45,45,A,2023-10-24,ACTIVE
46,46,A,2025-08-28,ACTIVE
47,47,A,2024-09-09,ACTIVE
48,48,A,2023-12-01,ACTIVE
49,49,A,2025-04-24,ACTIVE
50,50,A,2024-07-11,ACTIVE
51,51,A,2024-03-02,ACTIVE
52,52,A,2024-12-10,ACTIVE
53,53,A,2024-02-05,ACTIVE
54,54,A,2024-06-02,ACTIVE
55,55,A,2023-07-26,ACTIVE
56,56,A,2025-03-17,ACTIVE
57,57,A,2024-04-25,ACTIVE
58,58,A,2024-08-30,ACTIVE
59,59,A,2024-06-23,ACTIVE
60,60,A,2023-10-17,ACTIVE
61,61,A,2023-05-17,ACTIVE
62,62,A,2023-10-02,ACTIVE
63,63,A,2024-09-22,ACTIVE
64,64,A,2024-10-24,ACTIVE
65,65,A,2023-08-07,ACTIVE
66,66,A,2023-05-14,ACTIVE
67,67,A,2023-05-24,ACTIVE
68,68,A,2023-11-17,ACTIVE
69,69,A,2024-08-05,ACTIVE
70,70,A,2023-12-15,ACTIVE
71,71,A,2024-07-17,ACTIVE
72,72,A,2023-09-08,ACTIVE
73,73,A,2023-05-20,ACTIVE
74,74,A,2025-09-11,ACTIVE
75,75,A,2024-07-20,ACTIVE
76,76,A,2024-12-06,ACTIVE
77,77,A,2023-06-04,ACTIVE
78,78,A,2024-09-08,ACTIVE
79,79,A,2025-06-02,ACTIVE
80,80,A,2024-12-24,ACTIVE
81,81,A,2024-09-08,ACTIVE
82,82,A,2025-03-27,ACTIVE
83,83,A,2025-04-02,ACTIVE
84,84,A,2025-04-28,ACTIVE
85,85,A,2023-04-21,ACTIVE
86,86,A,2023-08-21,ACTIVE
87,87,A,2023-04-25,ACTIVE
88,88,A,2024-04-14,ACTIVE
89,89,A,2024-08-10,ACTIVE
90,90,A,2025-07-05,ACTIVE
91,91,A,2024-04-07,ACTIVE
92,92,A,2024-05-12,ACTIVE
93,93,A,2025-09-12,ACTIVE
94,94,A,2023-11-13,ACTIVE
95,95,A,2024-03-06,ACTIVE
96,96,A,2023-05-16,ACTIVE
97,97,A,2023-01-24,ACTIVE
98,98,A,2023-06-12,ACTIVE
99,99,A,2025-08-16,ACTIVE
100,100,A,2023-07-29,ACTIVE
101,101,A,2025-09-11,ACTIVE
102,102,A,2023-12-09,ACTIVE
103,103,A,2024-09-18,ACTIVE
104,104,A,2025-03-17,ACTIVE
105,105,A,2023-10-29,ACTIVE
106,106,A,2024-12-07,ACTIVE
107,107,A,2023-05-28,ACTIVE
108,108,A,2024-04-05,ACTIVE
109,109,A,2024-05-04,ACTIVE
110,110,A,2024-02-27,ACTIVE
111,111,A,2023-07-16,ACTIVE
112,112,A,2024-02-16,ACTIVE
113,113,A,2025-05-30,ACTIVE
114,114,A,2023-01-26,ACTIVE
115,115,A,2023-08-28,ACTIVE
116,116,A,2024-02-04,ACTIVE
117,117,A,2023-06-18,ACTIVE
118,118,A,2023-01-14,ACTIVE
119,119,A,2025-04-01,ACTIVE
120,120,A,2024-10-20,ACTIVE
121,121,A,2023-04-26,ACTIVE
122,122,A,2023-02-25,ACTIVE
123,123,A,2025-02-12,ACTIVE
124,124,A,2025-03-09,ACTIVE
125,125,A,2023-02-17,ACTIVE
126,126,A,2025-02-21,ACTIVE
127,127,A,2025-02-12,ACTIVE
128,128,A,2023-10-21,ACTIVE
129,129,A,2023-05-31,ACTIVE
130,130,A,2023-06-29,ACTIVE
131,131,A,2024-04-24,ACTIVE
132,132,A,2024-01-08,ACTIVE
133,133,A,2023-08-26,ACTIVE
134,134,A,2025-06-14,ACTIVE
135,135,A,2023-03-17,ACTIVE
136,136,A,2024-01-20,ACTIVE
137,137,A,2023-01-27,ACTIVE
138,138,A,2024-08-15,ACTIVE
139,139,A,2024-09-03,ACTIVE
140,140,A,2023-09-16,ACTIVE
141,141,A,2024-06-09,ACTIVE
142,142,A,2025-05-11,ACTIVE
143,143,A,2023-04-06,ACTIVE
144,144,A,2024-03-13,ACTIVE
145,145,A,2023-08-26,ACTIVE
146,146,A,2025-07-11,ACTIVE
147,147,A,2024-12-07,ACTIVE
148,148,A,2025-01-16,ACTIVE
149,149,A,2023-06-16,ACTIVE
150,150,A,2023-10-10,ACTIVE
151,151,A,2024-07-07,ACTIVE
152,152,A,2024-06-28,ACTIVE
153,153,A,2023-09-25,ACTIVE
154,154,A,2025-01-12,ACTIVE
155,155,A,2024-05-10,ACTIVE
156,156,A,2023-11-11,ACTIVE
157,157,A,2024-09-27,ACTIVE
158,158,A,2023-07-30,ACTIVE
159,159,A,2025-07-27,ACTIVE
160,160,A,2025-02-11,ACTIVE
161,161,A,2023-11-21,ACTIVE
162,162,A,2024-09-12,ACTIVE
163,163,A,2025-09-16,ACTIVE
164,164,A,2023-07-02,ACTIVE
165,165,A,2024-10-23,ACTIVE
166,166,A,2025-03-15,ACTIVE
167,167,A,2023-07-20,ACTIVE
168,168,A,2023-06-29,ACTIVE
169,169,A,2024-04-02,ACTIVE
170,170,A,2025-01-01,ACTIVE
171,171,A,2023-12-29,ACTIVE
172,172,A,2024-08-21,ACTIVE
173,173,A,2024-06-08,ACTIVE
174,174,A,2023-12-20,ACTIVE
175,175,A,2024-05-20,ACTIVE
176,176,A,2025-08-22,ACTIVE
177,177,A,2025-07-20,ACTIVE
178,178,A,2024-06-28,ACTIVE
179,179,A,2023-12-26,ACTIVE
180,180,A,2025-06-10,ACTIVE
181,181,A,2024-03-21,ACTIVE
182,182,A,2025-09-01,ACTIVE
183,183,A,2024-10-21,ACTIVE
184,184,A,2024-08-14,ACTIVE
185,185,A,2025-06-08,ACTIVE
186,186,A,2025-08-07,ACTIVE
187,187,A,2024-06-29,ACTIVE
188,188,A,2025-06-10,ACTIVE
189,189,A,2024-06-07,ACTIVE
190,190,A,2025-08-02,ACTIVE
191,191,A,2024-03-14,ACTIVE
192,192,A,2023-12-25,ACTIVE
193,193,A,2025-03-21,ACTIVE
194,194,A,2024-12-01,ACTIVE
195,195,A,2024-03-08,ACTIVE
196,196,A,2025-02-17,ACTIVE
197,197,A,2025-03-09,ACTIVE
198,198,A,2023-02-07,ACTIVE
199,199,A,2023-10-17,ACTIVE
200,200,A,2024-08-24,ACTIVE
201,201,A,2024-07-23,ACTIVE
202,202,A,2024-12-22,ACTIVE
203,203,A,2024-03-16,ACTIVE
204,204,A,2024-06-20,ACTIVE
205,205,A,2024-10-21,ACTIVE
206,206,A,2024-01-07,ACTIVE
207,207,A,2025-03-28,ACTIVE
208,208,A,2025-03-29,ACTIVE
209,209,A,2025-05-08,ACTIVE
210,210,A,2023-12-02,ACTIVE
211,211,A,2024-11-01,ACTIVE
212,212,A,2024-01-13,ACTIVE
213,213,A,2024-02-12,ACTIVE
214,214,A,2024-03-22,ACTIVE
215,215,A,2024-08-16,ACTIVE
216,216,A,2023-01-13,ACTIVE
217,217,A,2024-02-03,ACTIVE
218,218,A,2024-03-10,ACTIVE
219,219,A,2023-12-05,ACTIVE
220,220,A,2023-08-16,ACTIVE
221,221,A,2024-09-27,ACTIVE
222,222,A,2023-10-08,ACTIVE
223,223,A,2025-07-24,ACTIVE
224,224,A,2023-12-18,ACTIVE
225,225,A,2023-06-03,ACTIVE
226,226,A,2025-09-03,ACTIVE
227,227,A,2024-09-11,ACTIVE
228,228,A,2024-09-20,ACTIVE
229,229,A,2024-07-05,ACTIVE
230,230,A,2023-07-17,ACTIVE
231,231,A,2025-07-17,ACTIVE
232,232,A,2023-04-30,ACTIVE
233,233,A,2023-09-05,ACTIVE
234,234,A,2024-09-21,ACTIVE
235,235,A,2024-04-11,ACTIVE
236,236,A,2025-06-28,ACTIVE
237,237,A,2023-03-08,ACTIVE
238,238,A,2023-06-15,ACTIVE
239,239,A,2024-04-22,ACTIVE
240,240,A,2024-02-13,ACTIVE
241,241,A,2024-12-16,ACTIVE
242,242,A,2024-12-01,ACTIVE
243,243,A,2025-06-03,ACTIVE
244,244,A,2023-09-23,ACTIVE
245,245,A,2025-05-08,ACTIVE
246,246,A,2025-09-02,ACTIVE
247,247,A,2025-03-20,ACTIVE
248,248,A,2024-12-14,ACTIVE
249,249,A,2023-10-06,ACTIVE
250,250,A,2025-01-29,ACTIVE
251,251,A,2024-06-11,ACTIVE
252,252,A,2025-06-18,ACTIVE
253,253,A,2025-02-05,ACTIVE
254,254,A,2023-04-05,ACTIVE
255,255,A,2023-04-11,ACTIVE
256,256,A,2024-07-20,ACTIVE
257,257,A,2025-08-01,ACTIVE
258,258,A,2023-09-24,ACTIVE
259,259,A,2025-06-14,ACTIVE
260,260,A,2024-12-15,ACTIVE
261,261,A,2023-05-12,ACTIVE
262,262,A,2023-06-20,ACTIVE
263,263,A,2025-07-14,ACTIVE
264,264,A,2025-01-23,ACTIVE
265,265,A,2023-10-01,ACTIVE
266,266,A,2023-06-23,ACTIVE
267,267,A,2023-06-28,ACTIVE
268,268,A,2023-08-15,ACTIVE
269,269,A,2025-08-05,ACTIVE
270,270,A,2025-04-02,ACTIVE
271,271,A,2024-01-14,ACTIVE
272,272,A,2024-07-06,ACTIVE
273,273,A,2025-03-19,ACTIVE
274,274,A,2023-11-12,ACTIVE
275,275,A,2025-05-10,ACTIVE
276,276,A,2024-07-04,ACTIVE
277,277,A,2024-07-12,ACTIVE
278,278,A,2024-03-15,ACTIVE
279,279,A,2023-02-25,ACTIVE
280,280,A,2024-07-13,ACTIVE
281,281,A,2025-07-06,ACTIVE
282,282,A,2025-03-06,ACTIVE
283,283,A,2023-02-08,ACTIVE
284,284,A,2023-12-22,ACTIVE
285,285,A,2025-08-23,ACTIVE
286,286,A,2023-03-03,ACTIVE
287,287,A,2023-09-12,ACTIVE
288,288,A,2023-03-21,ACTIVE
289,289,A,2025-06-25,ACTIVE
290,290,A,2025-08-29,ACTIVE
291,291,A,2023-12-28,ACTIVE
292,292,A,2024-08-03,ACTIVE
293,293,A,2024-02-16,ACTIVE
294,294,A,2025-03-16,ACTIVE
295,295,A,2023-03-01,ACTIVE
296,296,A,2025-02-04,ACTIVE
297,297,A,2024-09-24,ACTIVE
298,298,A,2023-08-31,ACTIVE
299,299,A,2025-04-14,ACTIVE
300,300,A,2024-09-09,ACTIVE
301,301,A,2024-04-27,ACTIVE
302,302,A,2023-09-04,ACTIVE
303,303,A,2023-02-25,ACTIVE
304,304,A,2025-09-10,ACTIVE
305,305,A,2023-10-30,ACTIVE
306,306,A,2025-04-17,ACTIVE
307,307,A,2024-03-23,ACTIVE
308,308,A,2023-06-03,ACTIVE
309,309,A,2024-11-09,ACTIVE
310,310,A,2024-05-08,ACTIVE
311,311,A,2024-04-24,ACTIVE
312,312,A,2025-05-06,ACTIVE
313,313,A,2025-05-15,ACTIVE
314,314,A,2024-11-28,ACTIVE
315,315,A,2024-05-09,ACTIVE
316,316,A,2024-04-27,ACTIVE
317,317,A,2023-10-19,ACTIVE
318,318,A,2025-03-01,ACTIVE
319,319,A,2023-05-14,ACTIVE
320,320,A,2025-02-20,ACTIVE
321,321,A,2024-05-22,ACTIVE
322,322,A,2023-06-08,ACTIVE
323,323,A,2023-06-20,ACTIVE
324,324,A,2023-04-18,ACTIVE
325,325,A,2023-05-07,ACTIVE
326,326,A,2023-08-13,ACTIVE
327,327,A,2025-06-11,ACTIVE
328,328,A,2023-11-05,ACTIVE
329,329,A,2025-04-17,ACTIVE
330,330,A,2023-10-29,ACTIVE
331,331,A,2025-06-06,ACTIVE
332,332,A,2024-08-08,ACTIVE
333,333,A,2024-02-08,ACTIVE
334,334,A,2025-08-09,ACTIVE
335,335,A,2023-01-26,ACTIVE
336,336,A,2023-02-28,ACTIVE
337,337,A,2025-08-29,ACTIVE
338,338,A,2024-05-01,ACTIVE
339,339,A,2024-08-22,ACTIVE
340,340,A,2025-08-27,ACTIVE
341,341,A,2023-05-06,ACTIVE
342,342,A,2023-06-14,ACTIVE
343,343,A,2024-09-16,ACTIVE
344,344,A,2024-11-10,ACTIVE
345,345,A,2023-01-04,ACTIVE
346,346,A,2023-01-28,ACTIVE
347,347,A,2023-04-27,ACTIVE
348,348,A,2024-09-22,ACTIVE
349,349,A,2023-12-04,ACTIVE
350,350,A,2023-05-06,ACTIVE
351,351,A,2024-02-28,ACTIVE
352,352,A,2023-03-14,ACTIVE
353,353,A,2024-11-16,ACTIVE
354,354,A,2024-02-16,ACTIVE
355,355,A,2024-07-31,ACTIVE
356,356,A,2024-09-09,ACTIVE
357,357,A,2023-08-20,ACTIVE
358,358,A,2024-05-31,ACTIVE
359,359,A,2025-07-31,ACTIVE
360,360,A,2025-06-13,ACTIVE
361,361,A,2023-08-16,ACTIVE
362,362,A,2024-09-27,ACTIVE
363,363,A,2023-01-24,ACTIVE
364,364,A,2023-08-30,ACTIVE
365,365,A,2024-12-11,ACTIVE
366,366,A,2023-09-12,ACTIVE
367,367,A,2024-01-07,ACTIVE
368,368,A,2024-06-10,ACTIVE
369,369,A,2023-07-27,ACTIVE
370,370,A,2025-08-11,ACTIVE
371,371,A,2023-10-10,ACTIVE
372,372,A,2023-11-28,ACTIVE
373,373,A,2023-07-07,ACTIVE
374,374,A,2025-05-13,ACTIVE
375,375,A,2025-06-12,ACTIVE
376,376,A,2024-11-05,ACTIVE
377,377,A,2025-06-24,ACTIVE
378,378,A,2023-07-27,ACTIVE
379,379,A,2024-11-07,ACTIVE
380,380,A,2024-08-11,ACTIVE
381,381,A,2024-10-06,ACTIVE
382,382,A,2024-06-04,ACTIVE
383,383,A,2024-04-07,ACTIVE
384,384,A,2023-04-05,ACTIVE
385,385,A,2023-02-05,ACTIVE
386,386,A,2024-06-07,ACTIVE
387,387,A,2024-09-12,ACTIVE
388,388,A,2023-06-27,ACTIVE
389,389,A,2024-01-14,ACTIVE
390,390,A,2024-04-04,ACTIVE
391,391,A,2025-09-21,ACTIVE
392,392,A,2024-02-08,ACTIVE
393,393,A,2023-07-25,ACTIVE
394,394,A,2025-02-22,ACTIVE
395,395,A,2023-01-10,ACTIVE
396,396,A,2025-08-28,ACTIVE
397,397,A,2023-01-18,ACTIVE
398,398,A,2023-06-05,ACTIVE
399,399,A,2025-01-02,ACTIVE
400,400,A,2023-05-24,ACTIVE
401,401,A,2025-01-16,ACTIVE
402,402,A,2025-01-26,ACTIVE
403,403,A,2024-06-25,ACTIVE
404,404,A,2024-03-25,ACTIVE
405,405,A,2024-03-10,ACTIVE
406,406,A,2024-07-04,ACTIVE
407,407,A,2023-09-27,ACTIVE
408,408,A,2024-04-21,ACTIVE
409,409,A,2023-02-06,ACTIVE
410,410,A,2024-05-01,ACTIVE
411,411,A,2024-10-31,ACTIVE
412,412,A,2023-09-10,ACTIVE
413,413,A,2024-04-30,ACTIVE
414,414,A,2024-09-16,ACTIVE
415,415,A,2025-01-31,ACTIVE
416,416,A,2024-07-17,ACTIVE
417,417,A,2023-11-04,ACTIVE
418,418,A,2024-03-21,ACTIVE
419,419,A,2024-02-12,ACTIVE
420,420,A,2023-10-09,ACTIVE
421,421,A,2023-02-15,ACTIVE
422,422,A,2023-04-10,ACTIVE
423,423,A,2024-10-14,ACTIVE
424,424,A,2024-07-29,ACTIVE
425,425,A,2025-01-03,ACTIVE
426,426,A,2024-11-17,ACTIVE
427,427,A,2024-01-11,ACTIVE
428,428,A,2024-04-18,ACTIVE
429,429,A,2024-05-20,ACTIVE
430,430,A,2023-11-06,ACTIVE
431,431,A,2023-04-19,ACTIVE
432,432,A,2023-04-15,ACTIVE
433,433,A,2025-08-05,ACTIVE
434,434,A,2025-05-08,ACTIVE
435,435,A,2024-06-25,ACTIVE
436,436,A,2024-10-04,ACTIVE
437,437,A,2024-02-08,ACTIVE
438,438,A,2025-08-16,ACTIVE
439,439,A,2023-09-01,ACTIVE
440,440,A,2024-08-12,ACTIVE
441,441,A,2023-02-21,ACTIVE
442,442,A,2025-04-08,ACTIVE
443,443,A,2024-10-10,ACTIVE
444,444,A,2023-07-04,ACTIVE
445,445,A,2023-07-21,ACTIVE
446,446,A,2024-05-10,ACTIVE
447,447,A,2023-10-10,ACTIVE
448,448,A,2024-12-26,ACTIVE
449,449,A,2023-03-15,ACTIVE
450,450,A,2023-09-10,ACTIVE
451,451,A,2024-03-10,ACTIVE
452,452,A,2023-09-22,ACTIVE
453,453,A,2023-07-22,ACTIVE
454,454,A,2025-02-05,ACTIVE
455,455,A,2024-08-20,ACTIVE
456,456,A,2025-08-18,ACTIVE
457,457,A,2025-05-10,ACTIVE
458,458,A,2023-02-28,ACTIVE
459,459,A,2023-06-08,ACTIVE
460,460,A,2023-04-25,ACTIVE
461,461,A,2023-09-29,ACTIVE
462,462,A,2023-08-25,ACTIVE
463,463,A,2025-01-10,ACTIVE
464,464,A,2024-02-12,ACTIVE
465,465,A,2024-07-07,ACTIVE
466,466,A,2023-07-31,ACTIVE
467,467,A,2025-03-01,ACTIVE
468,468,A,2025-03-08,ACTIVE
469,469,A,2024-05-07,ACTIVE
470,470,A,2024-09-25,ACTIVE
471,471,A,2024-05-25,ACTIVE
472,472,A,2024-04-13,ACTIVE
473,473,A,2024-01-10,ACTIVE
474,474,A,2023-12-01,ACTIVE
475,475,A,2025-05-27,ACTIVE
476,476,A,2025-03-01,ACTIVE
477,477,A,2023-07-19,ACTIVE
478,478,A,2025-09-20,ACTIVE
479,479,A,2024-06-17,ACTIVE
480,480,A,2024-05-21,ACTIVE
481,481,A,2024-08-11,ACTIVE
482,482,A,2023-02-06,ACTIVE
483,483,A,2025-07-19,ACTIVE
484,484,A,2024-10-05,ACTIVE
485,485,A,2023-03-02,ACTIVE
486,486,A,2025-09-12,ACTIVE
487,487,A,2024-10-30,ACTIVE
488,488,A,2024-04-19,ACTIVE
489,489,A,2023-04-08,ACTIVE
490,490,A,2025-07-21,ACTIVE
491,491,A,2023-08-29,ACTIVE
492,492,A,2025-05-31,ACTIVE
493,493,A,2024-05-20,ACTIVE
494,494,A,2025-02-28,ACTIVE
495,495,A,2023-01-27,ACTIVE
496,496,A,2024-12-09,ACTIVE
497,497,A,2023-07-26,ACTIVE
498,498,A,2023-10-31,ACTIVE
499,499,A,2024-12-18,ACTIVE
500,500,A,2024-11-09,ACTIVE
501,1,B,2025-08-12,ACTIVE
502,2,B,2023-06-30,ACTIVE
503,3,B,2023-12-17,ACTIVE
504,4,B,2024-10-12,ACTIVE
505,5,B,2024-07-01,ACTIVE
506,6,B,2023-01-15,ACTIVE
507,7,B,2024-04-17,ACTIVE
508,8,B,2025-03-07,ACTIVE
509,9,B,2023-02-22,ACTIVE
510,10,B,2024-08-17,ACTIVE
511,11,B,2024-04-04,ACTIVE
512,12,B,2023-02-04,ACTIVE
513,13,B,2023-07-09,ACTIVE
514,14,B,2024-01-07,ACTIVE
515,15,B,2024-02-05,ACTIVE
516,16,B,2024-03-25,ACTIVE
517,17,B,2023-04-04,ACTIVE
518,18,B,2024-04-03,ACTIVE
519,19,B,2025-04-18,ACTIVE
520,20,B,2024-12-27,ACTIVE
521,21,B,2023-10-27,ACTIVE
522,22,B,2024-03-02,ACTIVE
523,23,B,2024-09-18,ACTIVE
524,24,B,2024-07-25,ACTIVE
525,25,B,2024-04-05,ACTIVE
526,26,B,2025-05-09,ACTIVE
527,27,B,2024-05-16,ACTIVE
528,28,B,2023-09-24,ACTIVE
529,29,B,2023-07-06,ACTIVE
530,30,B,2023-11-23,ACTIVE
531,31,B,2024-04-06,ACTIVE
532,32,B,2025-02-20,ACTIVE
533,33,B,2023-08-10,ACTIVE
534,34,B,2024-06-08,ACTIVE
535,35,B,2023-01-18,ACTIVE
536,36,B,2024-11-09,ACTIVE
537,37,B,2025-04-15,ACTIVE
538,38,B,2023-03-17,ACTIVE
539,39,B,2024-04-15,ACTIVE
540,40,B,2024-05-30,ACTIVE
541,41,B,2024-07-06,ACTIVE
542,42,B,2024-04-02,ACTIVE
543,43,B,2024-07-27,ACTIVE
544,44,B,2023-06-09,ACTIVE
545,45,B,2025-06-22,ACTIVE
546,46,B,2024-05-17,ACTIVE
547,47,B,2024-06-30,ACTIVE
548,48,B,2023-06-08,ACTIVE
549,49,B,2024-01-30,ACTIVE
550,50,B,2024-02-17,ACTIVE
551,51,B,2023-03-05,ACTIVE
552,52,B,2023-06-29,ACTIVE
553,53,B,2023-07-01,ACTIVE
554,54,B,2023-02-19,ACTIVE
555,55,B,2023-03-05,ACTIVE
556,56,B,2025-07-21,ACTIVE
557,57,B,2023-10-07,ACTIVE
558,58,B,2024-12-12,ACTIVE
559,59,B,2025-09-22,ACTIVE
560,60,B,2024-01-22,ACTIVE
561,61,B,2025-07-29,ACTIVE
562,62,B,2023-10-25,ACTIVE
563,63,B,2024-05-29,ACTIVE
564,64,B,2025-04-12,ACTIVE
565,65,B,2023-10-05,ACTIVE
566,66,B,2023-06-18,ACTIVE
567,67,B,2024-03-07,ACTIVE
568,68,B,2024-01-02,ACTIVE
569,69,B,2025-09-02,ACTIVE
570,70,B,2024-07-28,ACTIVE
571,71,B,2025-07-23,ACTIVE
572,72,B,2023-09-30,ACTIVE
573,73,B,2025-02-03,ACTIVE
574,74,B,2025-03-09,ACTIVE
575,75,B,2024-02-05,ACTIVE
576,76,B,2025-01-24,ACTIVE
577,77,B,2025-04-24,ACTIVE
578,78,B,2024-07-27,ACTIVE
579,79,B,2024-11-27,ACTIVE
580,80,B,2025-01-11,ACTIVE
581,81,B,2023-11-05,ACTIVE
582,82,B,2023-06-28,ACTIVE
583,83,B,2023-06-29,ACTIVE
584,84,B,2023-06-03,ACTIVE
585,85,B,2024-11-03,ACTIVE
586,86,B,2024-12-13,ACTIVE
587,87,B,2023-06-14,ACTIVE
588,88,B,2025-01-11,ACTIVE
589,89,B,2025-02-02,ACTIVE
590,90,B,2023-10-04,ACTIVE
591,91,B,2024-06-15,ACTIVE
592,92,B,2025-07-09,ACTIVE
593,93,B,2025-03-11,ACTIVE
594,94,B,2024-09-14,ACTIVE
595,95,B,2024-11-30,ACTIVE
596,96,B,2025-07-29,ACTIVE
597,97,B,2024-09-20,ACTIVE
598,98,B,2025-01-09,ACTIVE
599,99,B,2023-03-06,ACTIVE
600,100,B,2023-03-20,ACTIVE
601,101,B,2023-04-09,ACTIVE
602,102,B,2023-02-14,ACTIVE
603,103,B,2024-06-06,ACTIVE
604,104,B,2025-06-08,ACTIVE
605,105,B,2025-07-19,ACTIVE
606,106,B,2024-04-08,ACTIVE
607,107,B,2024-07-02,ACTIVE
608,108,B,2025-02-13,ACTIVE
609,109,B,2024-03-21,ACTIVE
610,110,B,2025-09-16,ACTIVE
611,111,B,2023-07-11,ACTIVE
612,112,B,2025-09-24,ACTIVE
613,113,B,2024-05-01,ACTIVE
614,114,B,2024-06-25,ACTIVE
615,115,B,2023-11-24,ACTIVE
616,116,B,2025-04-15,ACTIVE
617,117,B,2023-04-30,ACTIVE
618,118,B,2024-12-30,ACTIVE
619,119,B,2023-05-01,ACTIVE
620,120,B,2023-01-30,ACTIVE
621,121,B,2025-08-12,ACTIVE
622,122,B,2023-05-31,ACTIVE
623,123,B,2023-01-29,ACTIVE
624,124,B,2023-01-28,ACTIVE
625,125,B,2023-05-02,ACTIVE
626,126,B,2023-02-09,ACTIVE
627,127,B,2024-11-26,ACTIVE
628,128,B,2023-03-10,ACTIVE
629,129,B,2023-08-24,ACTIVE
630,130,B,2025-06-17,ACTIVE
631,131,B,2023-04-09,ACTIVE
632,132,B,2023-11-09,ACTIVE
633,133,B,2025-04-24,ACTIVE
634,134,B,2024-10-15,ACTIVE
635,135,B,2023-04-05,ACTIVE
636,136,B,2023-10-08,ACTIVE
637,137,B,2025-03-06,ACTIVE
638,138,B,2025-06-26,ACTIVE
639,139,B,2023-08-28,ACTIVE
640,140,B,2024-08-02,ACTIVE
641,141,B,2023-10-04,ACTIVE
642,142,B,2025-05-29,ACTIVE
643,143,B,2025-07-07,ACTIVE
644,144,B,2025-03-08,ACTIVE
645,145,B,2024-08-24,ACTIVE
646,146,B,2024-03-30,ACTIVE
647,147,B,2024-05-12,ACTIVE
648,148,B,2025-05-17,ACTIVE
649,149,B,2024-01-07,ACTIVE
650,150,B,2023-06-16,ACTIVE
651,151,B,2025-01-28,ACTIVE
652,152,B,2025-07-05,ACTIVE
653,153,B,2024-07-14,ACTIVE
654,154,B,2024-06-24,ACTIVE
655,155,B,2025-04-20,ACTIVE
656,156,B,2025-01-08,ACTIVE
657,157,B,2025-07-11,ACTIVE
658,158,B,2024-07-07,ACTIVE
659,159,B,2024-05-10,ACTIVE
660,160,B,2024-09-24,ACTIVE
661,161,B,2023-03-23,ACTIVE
662,162,B,2024-08-16,ACTIVE
663,163,B,2024-10-10,ACTIVE
664,164,B,2025-04-04,ACTIVE
665,165,B,2023-10-24,ACTIVE
666,166,B,2024-10-31,ACTIVE
667,167,B,2023-01-13,ACTIVE
668,168,B,2025-08-27,ACTIVE
669,169,B,2024-04-26,ACTIVE
670,170,B,2024-10-03,ACTIVE
671,171,B,2025-07-21,ACTIVE
672,172,B,2025-02-24,ACTIVE
673,173,B,2024-07-26,ACTIVE
674,174,B,2023-01-31,ACTIVE
675,175,B,2023-07-19,ACTIVE
676,176,B,2025-01-04,ACTIVE
677,177,B,2024-01-09,ACTIVE
678,178,B,2023-11-19,ACTIVE
679,179,B,2025-04-05,ACTIVE
680,180,B,2024-11-29,ACTIVE
681,181,B,2024-11-16,ACTIVE
682,182,B,2023-03-09,ACTIVE
683,183,B,2025-07-27,ACTIVE
684,184,B,2024-07-18,ACTIVE
685,185,B,2024-12-05,ACTIVE
686,186,B,2024-06-01,ACTIVE
687,187,B,2024-02-16,ACTIVE
688,188,B,2024-03-04,ACTIVE
689,189,B,2025-03-31,ACTIVE
690,190,B,2023-12-07,ACTIVE
691,191,B,2025-03-17,ACTIVE
692,192,B,2025-08-17,ACTIVE
693,193,B,2023-03-27,ACTIVE
694,194,B,2023-02-01,ACTIVE
695,195,B,2024-06-22,ACTIVE
696,196,B,2024-08-16,ACTIVE
697,197,B,2024-08-26,ACTIVE
698,198,B,2025-09-24,ACTIVE
699,199,B,2023-05-01,ACTIVE
700,200,B,2024-07-26,ACTIVE
701,201,B,2024-08-29,ACTIVE
702,202,B,2023-08-30,ACTIVE
703,203,B,2023-01-09,ACTIVE
704,204,B,2025-01-11,ACTIVE
705,205,B,2023-01-18,ACTIVE
706,206,B,2024-06-16,ACTIVE
707,207,B,2025-03-24,ACTIVE
708,208,B,2024-03-18,ACTIVE
709,209,B,2024-04-25,ACTIVE
710,210,B,2025-07-31,ACTIVE
711,211,B,2023-12-07,ACTIVE
712,212,B,2023-10-18,ACTIVE
713,213,B,2023-10-14,ACTIVE
714,214,B,2023-07-18,ACTIVE
715,215,B,2024-04-13,ACTIVE
716,216,B,2024-07-15,ACTIVE
717,217,B,2023-07-12,ACTIVE
718,218,B,2024-01-31,ACTIVE
719,219,B,2024-08-20,ACTIVE
720,220,B,2025-08-29,ACTIVE
721,221,B,2025-02-19,ACTIVE
722,222,B,2024-12-24,ACTIVE
723,223,B,2025-01-21,ACTIVE
724,224,B,2024-04-05,ACTIVE
725,225,B,2024-08-24,ACTIVE
726,226,B,2024-08-21,ACTIVE
727,227,B,2025-06-19,ACTIVE
728,228,B,2023-12-25,ACTIVE
729,229,B,2023-08-12,ACTIVE
730,230,B,2025-07-08,ACTIVE
731,231,B,2024-10-27,ACTIVE
732,232,B,2025-05-19,ACTIVE
733,233,B,2023-03-07,ACTIVE
734,234,B,2023-04-08,ACTIVE
735,235,B,2023-09-02,ACTIVE
736,236,B,2024-07-13,ACTIVE
737,237,B,2024-02-27,ACTIVE
738,238,B,2025-04-04,ACTIVE
739,239,B,2025-07-08,ACTIVE
740,240,B,2023-10-08,ACTIVE
741,241,B,2023-08-31,ACTIVE
742,242,B,2023-03-02,ACTIVE
743,243,B,2025-06-14,ACTIVE
744,244,B,2023-08-27,ACTIVE
745,245,B,2023-11-02,ACTIVE
746,246,B,2025-02-18,ACTIVE
747,247,B,2025-09-14,ACTIVE
748,248,B,2023-04-17,ACTIVE
749,249,B,2024-11-11,ACTIVE
750,250,B,2023-04-19,ACTIVE
751,251,B,2024-01-03,ACTIVE
752,252,B,2023-12-30,ACTIVE
753,253,B,2025-08-21,ACTIVE
754,254,B,2023-04-23,ACTIVE
755,255,B,2024-12-10,ACTIVE
756,256,B,2023-09-29,ACTIVE
757,257,B,2025-08-14,ACTIVE
758,258,B,2023-04-12,ACTIVE
759,259,B,2023-03-30,ACTIVE
760,260,B,2023-10-18,ACTIVE
761,261,B,2024-01-24,ACTIVE
762,262,B,2025-07-02,ACTIVE
763,263,B,2024-10-23,ACTIVE
764,264,B,2025-09-13,ACTIVE
765,265,B,2025-03-07,ACTIVE
766,266,B,2024-07-25,ACTIVE
767,267,B,2025-04-15,ACTIVE
768,268,B,2024-02-13,ACTIVE
769,269,B,2023-12-28,ACTIVE
770,270,B,2024-09-19,ACTIVE
771,271,B,2025-08-03,ACTIVE
772,272,B,2025-05-04,ACTIVE
773,273,B,2025-07-06,ACTIVE
774,274,B,2023-09-05,ACTIVE
775,275,B,2024-10-28,ACTIVE
776,276,B,2024-09-09,ACTIVE
777,277,B,2023-07-23,ACTIVE
778,278,B,2024-12-15,ACTIVE
779,279,B,2024-04-11,ACTIVE
780,280,B,2024-06-06,ACTIVE
781,281,B,2023-10-29,ACTIVE
782,282,B,2025-03-17,ACTIVE
783,283,B,2024-08-30,ACTIVE
784,284,B,2024-09-18,ACTIVE
785,285,B,2024-09-06,ACTIVE
786,286,B,2023-03-11,ACTIVE
787,287,B,2023-01-12,ACTIVE
788,288,B,2025-05-30,ACTIVE
789,289,B,2025-09-03,ACTIVE
790,290,B,2023-06-11,ACTIVE
791,291,B,2025-03-11,ACTIVE
792,292,B,2023-09-05,ACTIVE
793,293,B,2023-01-25,ACTIVE
794,294,B,2024-06-17,ACTIVE
795,295,B,2025-01-04,ACTIVE
796,296,B,2023-11-30,ACTIVE
797,297,B,2025-06-30,ACTIVE
798,298,B,2024-11-21,ACTIVE
799,299,B,2023-08-09,ACTIVE
800,300,B,2024-03-25,ACTIVE
801,301,B,2025-06-24,ACTIVE
802,302,B,2023-01-02,ACTIVE
803,303,B,2025-06-05,ACTIVE
804,304,B,2025-07-13,ACTIVE
805,305,B,2025-05-15,ACTIVE
806,306,B,2024-09-27,ACTIVE
807,307,B,2023-06-07,ACTIVE
808,308,B,2025-01-20,ACTIVE
809,309,B,2023-05-20,ACTIVE
810,310,B,2024-09-28,ACTIVE
811,311,B,2025-02-17,ACTIVE
812,312,B,2023-07-11,ACTIVE
813,313,B,2023-12-26,ACTIVE
814,314,B,2023-08-31,ACTIVE
815,315,B,2025-03-21,ACTIVE
816,316,B,2024-05-12,ACTIVE
817,317,B,2023-09-05,ACTIVE
818,318,B,2025-07-11,ACTIVE
819,319,B,2024-06-07,ACTIVE
820,320,B,2024-02-17,ACTIVE
821,321,B,2025-08-23,ACTIVE
822,322,B,2025-01-29,ACTIVE
823,323,B,2023-11-25,ACTIVE
824,324,B,2025-06-17,ACTIVE
825,325,B,2023-11-18,ACTIVE
826,326,B,2025-06-07,ACTIVE
827,327,B,2024-03-19,ACTIVE
828,328,B,2025-04-15,ACTIVE
829,329,B,2024-04-15,ACTIVE
830,330,B,2025-02-21,ACTIVE
831,331,B,2023-11-29,ACTIVE
832,332,B,2025-05-08,ACTIVE
833,333,B,2024-09-04,ACTIVE
834,334,B,2025-05-22,ACTIVE
835,335,B,2024-09-09,ACTIVE
836,336,B,2024-07-12,ACTIVE
837,337,B,2023-03-11,ACTIVE
838,338,B,2025-08-29,ACTIVE
839,339,B,2024-05-19,ACTIVE
840,340,B,2024-09-30,ACTIVE
841,341,B,2024-09-30,ACTIVE
842,342,B,2024-02-25,ACTIVE
843,343,B,2025-08-03,ACTIVE
844,344,B,2025-02-12,ACTIVE
845,345,B,2024-02-13,ACTIVE
846,346,B,2024-09-04,ACTIVE
847,347,B,2024-01-07,ACTIVE
848,348,B,2024-12-25,ACTIVE
849,349,B,2024-10-23,ACTIVE
850,350,B,2023-04-07,ACTIVE
851,351,B,2023-11-06,ACTIVE
852,352,B,2023-01-01,ACTIVE
853,353,B,2025-01-09,ACTIVE
854,354,B,2023-02-26,ACTIVE
855,355,B,2023-05-25,ACTIVE
856,356,B,2024-08-23,ACTIVE
857,357,B,2025-08-14,ACTIVE
858,358,B,2025-03-12,ACTIVE
859,359,B,2025-09-09,ACTIVE
860,360,B,2025-02-12,ACTIVE
861,361,B,2023-09-17,ACTIVE
862,362,B,2024-06-14,ACTIVE
863,363,B,2024-06-05,ACTIVE
864,364,B,2025-01-12,ACTIVE
865,365,B,2024-03-16,ACTIVE
866,366,B,2025-07-28,ACTIVE
867,367,B,2023-03-30,ACTIVE
868,368,B,2023-12-03,ACTIVE
869,369,B,2024-02-10,ACTIVE
870,370,B,2025-06-29,ACTIVE
871,371,B,2025-03-18,ACTIVE
872,372,B,2023-04-30,ACTIVE
873,373,B,2025-04-19,ACTIVE
874,374,B,2025-08-14,ACTIVE
875,375,B,2023-04-28,ACTIVE
876,376,B,2025-03-03,ACTIVE
877,377,B,2023-08-17,ACTIVE
878,378,B,2024-06-12,ACTIVE
879,379,B,2025-02-21,ACTIVE
880,380,B,2024-03-18,ACTIVE
881,381,B,2025-09-03,ACTIVE
882,382,B,2023-04-18,ACTIVE
883,383,B,2025-06-08,ACTIVE
884,384,B,2025-01-06,ACTIVE
885,385,B,2023-12-07,ACTIVE
886,386,B,2025-05-16,ACTIVE
887,387,B,2023-02-13,ACTIVE
888,388,B,2024-07-30,ACTIVE
889,389,B,2025-01-04,ACTIVE
890,390,B,2023-11-21,ACTIVE
891,391,B,2025-07-15,ACTIVE
892,392,B,2024-10-30,ACTIVE
893,393,B,2025-09-05,ACTIVE
894,394,B,2025-06-22,ACTIVE
895,395,B,2023-10-11,ACTIVE
896,396,B,2023-03-09,ACTIVE
897,397,B,2024-07-17,ACTIVE
898,398,B,2023-02-24,ACTIVE
899,399,B,2023-06-13,ACTIVE
900,400,B,2024-04-20,ACTIVE
901,401,B,2023-05-21,ACTIVE
902,402,B,2023-10-28,ACTIVE
903,403,B,2023-03-28,ACTIVE
904,404,B,2024-06-02,ACTIVE
905,405,B,2024-12-06,ACTIVE
906,406,B,2025-05-05,ACTIVE
907,407,B,2023-12-22,ACTIVE
908,408,B,2024-09-19,ACTIVE
909,409,B,2024-09-02,ACTIVE
910,410,B,2023-04-13,ACTIVE
911,411,B,2023-04-05,ACTIVE
912,412,B,2024-06-19,ACTIVE
913,413,B,2025-07-24,ACTIVE
914,414,B,2025-07-14,ACTIVE
915,415,B,2025-04-08,ACTIVE
916,416,B,2025-08-17,ACTIVE
917,417,B,2023-12-03,ACTIVE
918,418,B,2024-03-18,ACTIVE
919,419,B,2025-09-06,ACTIVE
920,420,B,2025-09-04,ACTIVE
921,421,B,2023-10-13,ACTIVE
922,422,B,2024-06-18,ACTIVE
923,423,B,2025-02-16,ACTIVE
924,424,B,2023-03-29,ACTIVE
925,425,B,2024-09-17,ACTIVE
926,426,B,2023-09-02,ACTIVE
927,427,B,2023-09-23,ACTIVE
928,428,B,2024-03-28,ACTIVE
929,429,B,2025-08-20,ACTIVE
930,430,B,2025-04-05,ACTIVE
931,431,B,2023-07-17,ACTIVE
932,432,B,2025-04-28,ACTIVE
933,433,B,2023-11-25,ACTIVE
934,434,B,2025-06-19,ACTIVE
935,435,B,2024-12-31,ACTIVE
936,436,B,2024-03-27,ACTIVE
937,437,B,2023-07-31,ACTIVE
938,438,B,2024-12-01,ACTIVE
939,439,B,2025-03-15,ACTIVE
940,440,B,2025-04-13,ACTIVE
941,441,B,2024-03-31,ACTIVE
942,442,B,2023-09-09,ACTIVE
943,443,B,2025-07-24,ACTIVE
944,444,B,2023-03-16,ACTIVE
945,445,B,2024-12-23,ACTIVE
946,446,B,2023-09-11,ACTIVE
947,447,B,2025-07-06,ACTIVE
948,448,B,2024-04-15,ACTIVE
949,449,B,2024-07-15,ACTIVE
950,450,B,2024-02-15,ACTIVE
951,451,B,2023-08-13,ACTIVE
952,452,B,2024-06-13,ACTIVE
953,453,B,2025-03-30,ACTIVE
954,454,B,2025-04-27,ACTIVE
955,455,B,2024-09-13,ACTIVE
956,456,B,2024-11-25,ACTIVE
957,457,B,2024-05-22,ACTIVE
958,458,B,2023-12-27,ACTIVE
959,459,B,2024-02-24,ACTIVE
960,460,B,2024-01-26,ACTIVE
961,461,B,2024-09-15,ACTIVE
962,462,B,2025-06-07,ACTIVE
963,463,B,2023-03-25,ACTIVE
964,464,B,2024-04-20,ACTIVE
965,465,B,2023-12-09,ACTIVE
966,466,B,2024-07-30,ACTIVE
967,467,B,2023-11-29,ACTIVE
968,468,B,2025-01-17,ACTIVE
969,469,B,2023-03-07,ACTIVE
970,470,B,2023-05-26,ACTIVE
971,471,B,2025-08-02,ACTIVE
972,472,B,2025-04-17,ACTIVE
973,473,B,2025-09-13,ACTIVE
974,474,B,2025-08-18,ACTIVE
975,475,B,2023-04-23,ACTIVE
976,476,B,2023-09-16,ACTIVE
977,477,B,2025-04-23,ACTIVE
978,478,B,2024-02-03,ACTIVE
979,479,B,2024-12-03,ACTIVE
980,480,B,2024-06-27,ACTIVE
981,481,B,2023-03-21,ACTIVE
982,482,B,2023-11-01,ACTIVE
983,483,B,2025-02-19,ACTIVE
984,484,B,2025-03-10,ACTIVE
985,485,B,2023-07-30,ACTIVE
986,486,B,2025-05-01,ACTIVE
987,487,B,2023-01-11,ACTIVE
988,488,B,2024-10-18,ACTIVE
989,489,B,2023-08-22,ACTIVE
990,490,B,2023-12-08,ACTIVE
991,491,B,2023-11-30,ACTIVE
992,492,B,2023-10-06,ACTIVE
993,493,B,2023-12-27,ACTIVE
994,494,B,2023-09-17,ACTIVE
995,495,B,2023-01-02,ACTIVE
996,496,B,2025-05-18,ACTIVE
997,497,B,2023-04-29,ACTIVE
998,498,B,2023-01-14,ACTIVE
999,499,B,2024-02-02,ACTIVE
1000,500,B,2024-07-09,ACTIVE
1001,1,C,2024-04-15,ACTIVE
1002,2,C,2024-06-28,ACTIVE
1003,3,C,2023-07-13,ACTIVE
1004,4,C,2023-09-04,ACTIVE
1005,5,C,2024-09-05,ACTIVE
1006,6,C,2023-03-20,ACTIVE
1007,7,C,2024-05-01,ACTIVE
1008,8,C,2023-09-04,ACTIVE
1009,9,C,2025-02-20,ACTIVE
1010,10,C,2025-07-07,ACTIVE
1011,11,C,2025-01-08,ACTIVE
1012,12,C,2025-06-29,ACTIVE
1013,13,C,2023-04-29,ACTIVE
1014,14,C,2023-02-09,ACTIVE
1015,15,C,2024-12-16,ACTIVE
1016,16,C,2023-09-12,ACTIVE
1017,17,C,2023-11-16,ACTIVE
1018,18,C,2023-02-24,ACTIVE
1019,19,C,2024-06-07,ACTIVE
1020,20,C,2023-03-08,ACTIVE
1021,21,C,2025-07-08,ACTIVE
1022,22,C,2023-11-07,ACTIVE
1023,23,C,2025-06-04,ACTIVE
1024,24,C,2024-05-07,ACTIVE
1025,25,C,2024-01-25,ACTIVE
1026,26,C,2025-03-17,ACTIVE
1027,27,C,2024-09-08,ACTIVE
1028,28,C,2024-02-15,ACTIVE
1029,29,C,2025-09-12,ACTIVE
1030,30,C,2023-01-18,ACTIVE
1031,31,C,2023-09-30,ACTIVE
1032,32,C,2024-10-11,ACTIVE
1033,33,C,2023-02-11,ACTIVE
1034,34,C,2023-04-30,ACTIVE
1035,35,C,2023-10-18,ACTIVE
1036,36,C,2024-08-20,ACTIVE
1037,37,C,2024-07-14,ACTIVE
1038,38,C,2024-08-30,ACTIVE
1039,39,C,2024-08-05,ACTIVE
1040,40,C,2024-06-01,ACTIVE
1041,41,C,2023-08-26,ACTIVE
1042,42,C,2024-04-13,ACTIVE
1043,43,C,2023-05-14,ACTIVE
1044,44,C,2025-04-18,ACTIVE
1045,45,C,2024-02-11,ACTIVE
1046,46,C,2023-05-23,ACTIVE
1047,47,C,2024-10-27,ACTIVE
1048,48,C,2025-02-08,ACTIVE
1049,49,C,2023-07-14,ACTIVE
1050,50,C,2025-09-14,ACTIVE
1051,51,C,2025-06-14,ACTIVE
1052,52,C,2025-07-11,ACTIVE
1053,53,C,2025-08-25,ACTIVE
1054,54,C,2024-04-04,ACTIVE
1055,55,C,2024-06-13,ACTIVE
1056,56,C,2023-11-30,ACTIVE
1057,57,C,2023-02-01,ACTIVE
1058,58,C,2025-04-01,ACTIVE
1059,59,C,2025-06-03,ACTIVE
1060,60,C,2023-11-04,ACTIVE
1061,61,C,2025-04-05,ACTIVE
1062,62,C,2025-08-01,ACTIVE
1063,63,C,2023-11-02,ACTIVE
1064,64,C,2024-01-03,ACTIVE
1065,65,C,2025-07-20,ACTIVE
1066,66,C,2023-03-15,ACTIVE
1067,67,C,2025-06-08,ACTIVE
1068,68,C,2023-02-07,ACTIVE
1069,69,C,2025-05-01,ACTIVE
1070,70,C,2024-10-16,ACTIVE
1071,71,C,2025-06-23,ACTIVE
1072,72,C,2025-09-20,ACTIVE
1073,73,C,2024-06-14,ACTIVE
1074,74,C,2023-12-27,ACTIVE
1075,75,C,2023-02-01,ACTIVE
1076,76,C,2024-03-15,ACTIVE
1077,77,C,2023-02-27,ACTIVE
1078,78,C,2025-09-22,ACTIVE
1079,79,C,2025-08-14,ACTIVE
1080,80,C,2023-10-06,ACTIVE
1081,81,C,2025-04-06,ACTIVE
1082,82,C,2025-05-07,ACTIVE
1083,83,C,2024-05-06,ACTIVE
1084,84,C,2025-09-01,ACTIVE
1085,85,C,2023-04-12,ACTIVE
1086,86,C,2024-05-26,ACTIVE
1087,87,C,2023-12-23,ACTIVE
1088,88,C,2023-04-30,ACTIVE
1089,89,C,2023-08-29,ACTIVE
1090,90,C,2023-01-24,ACTIVE
1091,91,C,2023-10-31,ACTIVE
1092,92,C,2024-09-11,ACTIVE
1093,93,C,2025-02-01,ACTIVE
1094,94,C,2023-08-28,ACTIVE
1095,95,C,2025-06-01,ACTIVE
1096,96,C,2025-02-23,ACTIVE
1097,97,C,2025-08-29,ACTIVE
1098,98,C,2025-05-31,ACTIVE
1099,99,C,2023-06-12,ACTIVE
1100,100,C,2024-05-28,ACTIVE
1101,101,C,2025-02-16,ACTIVE
1102,102,C,2025-08-28,ACTIVE
1103,103,C,2024-09-25,ACTIVE
1104,104,C,2023-07-12,ACTIVE
1105,105,C,2023-12-08,ACTIVE
1106,106,C,2024-07-24,ACTIVE
1107,107,C,2023-10-06,ACTIVE
1108,108,C,2024-09-23,ACTIVE
1109,109,C,2025-04-18,ACTIVE
1110,110,C,2023-11-09,ACTIVE
1111,111,C,2025-06-06,ACTIVE
1112,112,C,2025-07-18,ACTIVE
1113,113,C,2023-01-14,ACTIVE
1114,114,C,2025-05-10,ACTIVE
1115,115,C,2024-12-16,ACTIVE
1116,116,C,2023-02-26,ACTIVE
1117,117,C,2023-09-25,ACTIVE
1118,118,C,2024-10-06,ACTIVE
1119,119,C,2025-01-04,ACTIVE
1120,120,C,2024-04-29,ACTIVE
1121,121,C,2024-05-11,ACTIVE
1122,122,C,2025-03-11,ACTIVE
1123,123,C,2024-07-26,ACTIVE
1124,124,C,2024-02-16,ACTIVE
1125,125,C,2024-11-08,ACTIVE
1126,126,C,2024-09-12,ACTIVE
1127,127,C,2023-09-24,ACTIVE
1128,128,C,2024-05-26,ACTIVE
1129,129,C,2024-12-18,ACTIVE
1130,130,C,2024-07-04,ACTIVE
1131,131,C,2023-03-06,ACTIVE
1132,132,C,2023-03-09,ACTIVE
1133,133,C,2025-01-06,ACTIVE
1134,134,C,2023-06-20,ACTIVE
1135,135,C,2023-03-08,ACTIVE
1136,136,C,2024-08-07,ACTIVE
1137,137,C,2023-08-24,ACTIVE
1138,138,C,2025-08-15,ACTIVE
1139,139,C,2025-03-08,ACTIVE
1140,140,C,2024-05-12,ACTIVE
1141,141,C,2024-02-28,ACTIVE
1142,142,C,2024-04-09,ACTIVE
1143,143,C,2024-07-22,ACTIVE
1144,144,C,2024-11-27,ACTIVE
1145,145,C,2025-02-22,ACTIVE
1146,146,C,2025-06-21,ACTIVE
1147,147,C,2023-07-30,ACTIVE
1148,148,C,2024-10-22,ACTIVE
1149,149,C,2025-02-20,ACTIVE
1150,150,C,2024-07-14,ACTIVE
1151,151,C,2023-10-18,ACTIVE
1152,152,C,2023-06-02,ACTIVE
1153,153,C,2024-03-19,ACTIVE
1154,154,C,2023-02-24,ACTIVE
1155,155,C,2024-07-07,ACTIVE
1156,156,C,2025-07-26,ACTIVE
1157,157,C,2025-01-24,ACTIVE
1158,158,C,2024-10-22,ACTIVE
1159,159,C,2024-01-13,ACTIVE
1160,160,C,2024-03-03,ACTIVE
1161,161,C,2024-09-23,ACTIVE
1162,162,C,2023-08-03,ACTIVE
1163,163,C,2025-03-26,ACTIVE
1164,164,C,2024-11-07,ACTIVE
1165,165,C,2025-02-12,ACTIVE
1166,166,C,2024-10-02,ACTIVE
1167,167,C,2023-12-22,ACTIVE
1168,168,C,2024-02-16,ACTIVE
1169,169,C,2025-04-15,ACTIVE
1170,170,C,2025-07-20,ACTIVE
1171,171,C,2023-08-04,ACTIVE
1172,172,C,2024-12-06,ACTIVE
1173,173,C,2025-03-31,ACTIVE
1174,174,C,2023-09-10,ACTIVE
1175,175,C,2024-08-04,ACTIVE
1176,176,C,2023-12-20,ACTIVE
1177,177,C,2023-01-28,ACTIVE
1178,178,C,2024-04-16,ACTIVE
1179,179,C,2024-12-28,ACTIVE
1180,180,C,2025-01-23,ACTIVE
1181,181,C,2025-07-24,ACTIVE
1182,182,C,2023-06-19,ACTIVE
1183,183,C,2025-01-03,ACTIVE
1184,184,C,2024-07-20,ACTIVE
1185,185,C,2024-08-24,ACTIVE
1186,186,C,2024-11-21,ACTIVE
1187,187,C,2024-08-04,ACTIVE
1188,188,C,2023-07-02,ACTIVE
1189,189,C,2025-07-15,ACTIVE
1190,190,C,2023-05-30,ACTIVE
1191,191,C,2023-02-11,ACTIVE
1192,192,C,2023-03-24,ACTIVE
1193,193,C,2024-10-06,ACTIVE
1194,194,C,2024-12-19,ACTIVE
1195,195,C,2023-11-18,ACTIVE
1196,196,C,2023-02-18,ACTIVE
1197,197,C,2025-05-27,ACTIVE
1198,198,C,2023-02-21,ACTIVE
1199,199,C,2025-05-29,ACTIVE
1200,200,C,2023-12-14,ACTIVE
1201,201,C,2023-10-17,ACTIVE
1202,202,C,2024-03-03,ACTIVE
1203,203,C,2023-11-26,ACTIVE
1204,204,C,2023-02-05,ACTIVE
1205,205,C,2023-09-23,ACTIVE
1206,206,C,2023-07-25,ACTIVE
1207,207,C,2025-07-13,ACTIVE
1208,208,C,2025-04-20,ACTIVE
1209,209,C,2024-11-12,ACTIVE
1210,210,C,2024-08-01,ACTIVE
1211,211,C,2025-06-30,ACTIVE
1212,212,C,2024-05-17,ACTIVE
1213,213,C,2024-12-02,ACTIVE
1214,214,C,2023-10-22,ACTIVE
1215,215,C,2025-04-21,ACTIVE
1216,216,C,2024-03-18,ACTIVE
1217,217,C,2024-06-19,ACTIVE
1218,218,C,2023-02-07,ACTIVE
1219,219,C,2023-05-12,ACTIVE
1220,220,C,2024-02-10,ACTIVE
1221,221,C,2025-04-02,ACTIVE
1222,222,C,2023-05-14,ACTIVE
1223,223,C,2025-03-22,ACTIVE
1224,224,C,2025-09-20,ACTIVE
1225,225,C,2024-02-07,ACTIVE
1226,226,C,2024-09-10,ACTIVE
1227,227,C,2024-07-08,ACTIVE
1228,228,C,2024-07-07,ACTIVE
1229,229,C,2024-04-11,ACTIVE
1230,230,C,2024-09-12,ACTIVE
1231,231,C,2025-06-01,ACTIVE
1232,232,C,2024-03-29,ACTIVE
1233,233,C,2024-12-10,ACTIVE
1234,234,C,2024-04-11,ACTIVE
1235,235,C,2025-06-09,ACTIVE
1236,236,C,2024-08-13,ACTIVE
1237,237,C,2024-12-02,ACTIVE
1238,238,C,2023-11-20,ACTIVE
1239,239,C,2024-05-19,ACTIVE
1240,240,C,2025-03-01,ACTIVE
1241,241,C,2023-01-07,ACTIVE
1242,242,C,2023-02-26,ACTIVE
1243,243,C,2025-03-13,ACTIVE
1244,244,C,2024-04-20,ACTIVE
1245,245,C,2023-07-24,ACTIVE
1246,246,C,2024-02-28,ACTIVE
1247,247,C,2024-08-08,ACTIVE
1248,248,C,2023-12-17,ACTIVE
1249,249,C,2023-03-15,ACTIVE
1250,250,C,2024-09-02,ACTIVE
1251,251,C,2025-09-06,ACTIVE
1252,252,C,2025-09-14,ACTIVE
1253,253,C,2024-07-13,ACTIVE
1254,254,C,2024-12-29,ACTIVE
1255,255,C,2023-07-27,ACTIVE
1256,256,C,2023-02-15,ACTIVE
1257,257,C,2024-10-13,ACTIVE
1258,258,C,2025-08-07,ACTIVE
1259,259,C,2023-04-21,ACTIVE
1260,260,C,2024-02-26,ACTIVE
1261,261,C,2024-08-01,ACTIVE
1262,262,C,2025-07-18,ACTIVE
1263,263,C,2025-02-05,ACTIVE
1264,264,C,2025-01-06,ACTIVE
1265,265,C,2025-05-09,ACTIVE
1266,266,C,2024-12-04,ACTIVE
1267,267,C,2025-04-08,ACTIVE
1268,268,C,2023-10-28,ACTIVE
1269,269,C,2024-04-25,ACTIVE
1270,270,C,2024-02-25,ACTIVE
1271,271,C,2024-05-30,ACTIVE
1272,272,C,2024-11-04,ACTIVE
1273,273,C,2024-02-23,ACTIVE
1274,274,C,2025-08-20,ACTIVE
1275,275,C,2023-08-22,ACTIVE
1276,276,C,2025-02-10,ACTIVE
1277,277,C,2025-03-31,ACTIVE
1278,278,C,2025-03-25,ACTIVE
1279,279,C,2024-10-27,ACTIVE
1280,280,C,2025-07-29,ACTIVE
1281,281,C,2023-11-16,ACTIVE
1282,282,C,2023-01-05,ACTIVE
1283,283,C,2024-02-21,ACTIVE
1284,284,C,2024-04-13,ACTIVE
1285,285,C,2023-07-19,ACTIVE
1286,286,C,2024-12-20,ACTIVE
1287,287,C,2023-07-03,ACTIVE
1288,288,C,2023-04-23,ACTIVE
1289,289,C,2023-10-17,ACTIVE
1290,290,C,2023-11-27,ACTIVE
1291,291,C,2023-02-16,ACTIVE
1292,292,C,2024-08-30,ACTIVE
1293,293,C,2024-07-25,ACTIVE
1294,294,C,2025-04-05,ACTIVE
1295,295,C,2025-01-03,ACTIVE
1296,296,C,2025-06-03,ACTIVE
1297,297,C,2025-03-08,ACTIVE
1298,298,C,2024-10-22,ACTIVE
1299,299,C,2025-02-24,ACTIVE
1300,300,C,2024-06-12,ACTIVE
1301,301,C,2024-06-30,ACTIVE
1302,302,C,2024-01-14,ACTIVE
1303,303,C,2024-04-11,ACTIVE
1304,304,C,2025-02-09,ACTIVE
1305,305,C,2023-12-09,ACTIVE
1306,306,C,2025-01-22,ACTIVE
1307,307,C,2025-04-26,ACTIVE
1308,308,C,2025-08-14,ACTIVE
1309,309,C,2025-09-07,ACTIVE
1310,310,C,2025-04-04,ACTIVE
1311,311,C,2024-04-16,ACTIVE
1312,312,C,2023-07-14,ACTIVE
1313,313,C,2023-07-12,ACTIVE
1314,314,C,2024-08-21,ACTIVE
1315,315,C,2025-05-25,ACTIVE
1316,316,C,2024-07-09,ACTIVE
1317,317,C,2025-08-19,ACTIVE
1318,318,C,2024-11-28,ACTIVE
1319,319,C,2025-09-23,ACTIVE
1320,320,C,2025-07-05,ACTIVE
1321,321,C,2024-09-17,ACTIVE
1322,322,C,2023-03-13,ACTIVE
1323,323,C,2024-03-16,ACTIVE
1324,324,C,2023-05-18,ACTIVE
1325,325,C,2024-06-14,ACTIVE
1326,326,C,2023-02-16,ACTIVE
1327,327,C,2024-01-16,ACTIVE
1328,328,C,2023-07-04,ACTIVE
1329,329,C,2023-07-08,ACTIVE
1330,330,C,2024-06-12,ACTIVE
1331,331,C,2024-06-05,ACTIVE
1332,332,C,2023-07-14,ACTIVE
1333,333,C,2023-02-26,ACTIVE
1334,334,C,2023-08-22,ACTIVE
1335,335,C,2025-02-03,ACTIVE
1336,336,C,2023-12-28,ACTIVE
1337,337,C,2024-08-05,ACTIVE
1338,338,C,2023-11-27,ACTIVE
1339,339,C,2024-02-20,ACTIVE
1340,340,C,2025-05-12,ACTIVE
1341,341,C,2024-02-22,ACTIVE
1342,342,C,2023-12-13,ACTIVE
1343,343,C,2025-01-16,ACTIVE
1344,344,C,2024-01-27,ACTIVE
1345,345,C,2025-01-20,ACTIVE
1346,346,C,2024-11-05,ACTIVE
1347,347,C,2025-06-23,ACTIVE
1348,348,C,2025-07-23,ACTIVE
1349,349,C,2024-09-08,ACTIVE
1350,350,C,2025-03-28,ACTIVE
1351,351,C,2025-05-24,ACTIVE
1352,352,C,2024-10-15,ACTIVE
1353,353,C,2023-01-24,ACTIVE
1354,354,C,2025-05-04,ACTIVE
1355,355,C,2025-06-18,ACTIVE
1356,356,C,2025-05-21,ACTIVE
1357,357,C,2024-06-02,ACTIVE
1358,358,C,2025-04-11,ACTIVE
1359,359,C,2023-11-30,ACTIVE
1360,360,C,2025-07-31,ACTIVE
1361,361,C,2023-12-10,ACTIVE
1362,362,C,2024-07-18,ACTIVE
1363,363,C,2025-07-01,ACTIVE
1364,364,C,2023-07-26,ACTIVE
1365,365,C,2025-08-19,ACTIVE
1366,366,C,2024-08-11,ACTIVE
1367,367,C,2025-08-26,ACTIVE
1368,368,C,2025-09-24,ACTIVE
1369,369,C,2023-02-02,ACTIVE
1370,370,C,2023-02-12,ACTIVE
1371,371,C,2024-03-30,ACTIVE
1372,372,C,2025-04-04,ACTIVE
1373,373,C,2025-08-27,ACTIVE
1374,374,C,2023-11-13,ACTIVE
1375,375,C,2023-04-16,ACTIVE
1376,376,C,2023-07-18,ACTIVE
1377,377,C,2023-11-23,ACTIVE
1378,378,C,2023-06-08,ACTIVE
1379,379,C,2025-04-28,ACTIVE
1380,380,C,2023-03-16,ACTIVE
1381,381,C,2023-08-27,ACTIVE
1382,382,C,2024-12-22,ACTIVE
1383,383,C,2023-10-26,ACTIVE
1384,384,C,2025-08-15,ACTIVE
1385,385,C,2025-04-26,ACTIVE
1386,386,C,2024-02-25,ACTIVE
1387,387,C,2025-07-09,ACTIVE
1388,388,C,2025-07-31,ACTIVE
1389,389,C,2023-06-10,ACTIVE
1390,390,C,2024-05-30,ACTIVE
1391,391,C,2024-04-19,ACTIVE
1392,392,C,2024-08-19,ACTIVE
1393,393,C,2025-06-18,ACTIVE
1394,394,C,2024-03-13,ACTIVE
1395,395,C,2024-05-22,ACTIVE
1396,396,C,2024-11-17,ACTIVE
1397,397,C,2023-01-16,ACTIVE
1398,398,C,2023-05-19,ACTIVE
1399,399,C,2025-02-05,ACTIVE
1400,400,C,2023-04-09,ACTIVE
1401,401,C,2023-02-12,ACTIVE
1402,402,C,2025-01-28,ACTIVE
1403,403,C,2025-08-17,ACTIVE
1404,404,C,2024-07-15,ACTIVE
1405,405,C,2024-03-03,ACTIVE
1406,406,C,2024-10-10,ACTIVE
1407,407,C,2025-01-18,ACTIVE
1408,408,C,2023-06-19,ACTIVE
1409,409,C,2024-05-29,ACTIVE
1410,410,C,2024-10-21,ACTIVE
1411,411,C,2023-12-14,ACTIVE
1412,412,C,2024-12-11,ACTIVE
1413,413,C,2024-06-07,ACTIVE
1414,414,C,2024-07-15,ACTIVE
1415,415,C,2023-07-06,ACTIVE
1416,416,C,2023-12-12,ACTIVE
1417,417,C,2025-04-28,ACTIVE
1418,418,C,2024-10-16,ACTIVE
1419,419,C,2023-07-17,ACTIVE
1420,420,C,2023-11-19,ACTIVE
1421,421,C,2025-03-17,ACTIVE
1422,422,C,2025-02-15,ACTIVE
1423,423,C,2023-06-08,ACTIVE
1424,424,C,2023-07-23,ACTIVE
1425,425,C,2024-03-26,ACTIVE
1426,426,C,2024-03-30,ACTIVE
1427,427,C,2024-12-01,ACTIVE
1428,428,C,2025-07-20,ACTIVE
1429,429,C,2025-08-14,ACTIVE
1430,430,C,2024-06-14,ACTIVE
1431,431,C,2024-03-19,ACTIVE
1432,432,C,2024-04-10,ACTIVE
1433,433,C,2023-07-22,ACTIVE
1434,434,C,2023-06-02,ACTIVE
1435,435,C,2025-02-12,ACTIVE
1436,436,C,2024-04-17,ACTIVE
1437,437,C,2023-07-13,ACTIVE
1438,438,C,2024-04-02,ACTIVE
1439,439,C,2024-09-20,ACTIVE
1440,440,C,2024-03-18,ACTIVE
1441,441,C,2024-02-12,ACTIVE
1442,442,C,2024-09-25,ACTIVE
1443,443,C,2024-11-29,ACTIVE
1444,444,C,2023-08-09,ACTIVE
1445,445,C,2025-05-12,ACTIVE
1446,446,C,2025-04-08,ACTIVE
1447,447,C,2025-07-27,ACTIVE
1448,448,C,2025-05-07,ACTIVE
1449,449,C,2024-01-18,ACTIVE
1450,450,C,2023-12-02,ACTIVE
1451,451,C,2025-04-12,ACTIVE
1452,452,C,2024-11-09,ACTIVE
1453,453,C,2023-11-23,ACTIVE
1454,454,C,2024-12-12,ACTIVE
1455,455,C,2023-05-26,ACTIVE
1456,456,C,2024-12-10,ACTIVE
1457,457,C,2025-01-04,ACTIVE
1458,458,C,2024-06-11,ACTIVE
1459,459,C,2025-05-31,ACTIVE
1460,460,C,2023-05-04,ACTIVE
1461,461,C,2025-08-22,ACTIVE
1462,462,C,2025-07-05,ACTIVE
1463,463,C,2023-01-09,ACTIVE
1464,464,C,2024-10-08,ACTIVE
1465,465,C,2023-09-05,ACTIVE
1466,466,C,2024-10-10,ACTIVE
1467,467,C,2025-02-15,ACTIVE
1468,468,C,2024-04-08,ACTIVE
1469,469,C,2024-08-14,ACTIVE
1470,470,C,2024-06-16,ACTIVE
1471,471,C,2024-08-16,ACTIVE
1472,472,C,2025-05-03,ACTIVE
1473,473,C,2025-03-10,ACTIVE
1474,474,C,2023-04-19,ACTIVE
1475,475,C,2023-12-31,ACTIVE
1476,476,C,2024-09-30,ACTIVE
1477,477,C,2024-11-20,ACTIVE
1478,478,C,2023-08-28,ACTIVE
1479,479,C,2025-01-01,ACTIVE
1480,480,C,2025-03-09,ACTIVE
1481,481,C,2025-04-22,ACTIVE
1482,482,C,2025-06-25,ACTIVE
1483,483,C,2025-06-01,ACTIVE
1484,484,C,2024-10-13,ACTIVE
1485,485,C,2023-01-25,ACTIVE
1486,486,C,2024-11-03,ACTIVE
1487,487,C,2025-02-26,ACTIVE
1488,488,C,2025-04-05,ACTIVE
1489,489,C,2024-10-07,ACTIVE
1490,490,C,2025-02-13,ACTIVE
1491,491,C,2024-03-21,ACTIVE
1492,492,C,2023-09-27,ACTIVE
1493,493,C,2025-03-10,ACTIVE
1494,494,C,2023-06-03,ACTIVE
1495,495,C,2024-03-18,ACTIVE
1496,496,C,2023-02-04,ACTIVE
1497,497,C,2023-05-16,ACTIVE
1498,498,C,2024-04-07,ACTIVE
1499,499,C,2025-01-15,ACTIVE
1500,500,C,2024-12-16,ACTIVE
