CONTRACT_ID,SUPPLIER_ID,CONTRACT_CODE,START_DATE,END_DATE,CURRENCY_CODE,INCOTERM_CODE,STATUS
1,495,CTR-00001,2024-11-14,2026-07-06,CNY,EXW,ACTIVE
2,443,CTR-00002,2023-11-24,2025-03-31,EUR,DAP,ACTIVE
3,485,CTR-00003,2023-06-08,2024-11-03,CNY,DAP,ACTIVE
4,59,CTR-00004,2024-07-13,2026-03-04,KRW,DDP,ACTIVE
5,140,CTR-00005,2023-11-23,2025-03-21,USD,EXW,ACTIVE
6,15,CTR-00006,2024-04-29,2025-06-12,CNY,DDP,ACTIVE
7,108,CTR-00007,2023-11-23,2024-11-29,EUR,EXW,ACTIVE
8,390,CTR-00008,2024-03-02,2026-02-23,KRW,EXW,ACTIVE
9,235,CTR-00009,2024-06-04,2025-06-30,KRW,CIF,ACTIVE
10,353,CTR-00010,2023-03-28,2024-07-04,CNY,FOB,ACTIVE
11,394,CTR-00011,2023-10-07,2025-04-03,EUR,DDP,ACTIVE
12,199,CTR-00012,2024-10-24,2026-04-15,KRW,CIF,ACTIVE
13,24,CTR-00013,2024-10-23,2026-04-07,JPY,DAP,ACTIVE
14,61,CTR-00014,2023-07-07,2025-05-10,EUR,DAP,ACTIVE
15,161,CTR-00015,2023-05-17,2024-08-11,CNY,DAP,ACTIVE
16,441,CTR-00016,2024-01-16,2025-09-25,EUR,DDP,ACTIVE
17,146,CTR-00017,2024-06-02,2026-01-05,CNY,DDP,ACTIVE
18,454,CTR-00018,2024-03-30,2025-08-04,USD,EXW,ACTIVE
19,271,CTR-00019,2023-09-11,2025-06-05,JPY,DDP,ACTIVE
20,471,CTR-00020,2024-01-10,2025-07-26,CNY,DDP,ACTIVE
21,414,CTR-00021,2023-10-23,2025-07-15,KRW,EXW,ACTIVE
22,228,CTR-00022,2023-07-20,2025-01-30,USD,CIF,ACTIVE
23,366,CTR-00023,2024-02-12,2025-09-03,JPY,DDP,ACTIVE
24,484,CTR-00024,2023-12-04,2025-03-18,EUR,EXW,ACTIVE
25,363,CTR-00025,2023-06-08,2025-04-25,USD,CIF,ACTIVE
26,392,CTR-00026,2023-02-11,2025-01-26,CNY,EXW,ACTIVE
27,440,CTR-00027,2024-04-21,2025-06-28,USD,FOB,ACTIVE
28,344,CTR-00028,2024-09-26,2025-11-05,KRW,DDP,ACTIVE
29,10,CTR-00029,2024-05-25,2025-06-22,KRW,DAP,ACTIVE
30,403,CTR-00030,2023-12-17,2025-01-28,CNY,DAP,ACTIVE
31,17,CTR-00031,2023-05-20,2024-07-19,JPY,DDP,ACTIVE
32,260,CTR-00032,2024-11-28,2026-08-03,CNY,DDP,ACTIVE
33,16,CTR-00033,2023-12-23,2025-07-03,JPY,DAP,ACTIVE
34,258,CTR-00034,2024-01-29,2025-05-01,KRW,DAP,ACTIVE
35,103,CTR-00035,2024-12-09,2026-07-17,KRW,FOB,ACTIVE
36,472,CTR-00036,2023-12-27,2025-01-16,KRW,DDP,ACTIVE
37,265,CTR-00037,2024-10-12,2026-08-29,KRW,EXW,ACTIVE
38,460,CTR-00038,2024-06-10,2026-05-26,USD,CIF,ACTIVE
39,420,CTR-00039,2024-08-29,2025-12-16,JPY,DDP,ACTIVE
40,35,CTR-00040,2023-02-10,2024-03-15,USD,CIF,ACTIVE
41,6,CTR-00041,2023-02-13,2025-01-07,KRW,FOB,ACTIVE
42,217,CTR-00042,2023-06-04,2025-04-22,USD,CIF,ACTIVE
43,327,CTR-00043,2023-04-01,2024-11-01,JPY,CIF,ACTIVE
44,178,CTR-00044,2024-12-14,2026-03-25,EUR,EXW,ACTIVE
45,297,CTR-00045,2024-09-07,2026-05-30,EUR,EXW,ACTIVE
46,471,CTR-00046,2023-08-08,2025-02-16,CNY,CIF,ACTIVE
47,118,CTR-00047,2023-02-21,2024-11-17,CNY,CIF,ACTIVE
48,335,CTR-00048,2024-06-24,2025-11-08,JPY,DDP,ACTIVE
49,345,CTR-00049,2024-06-03,2025-10-18,JPY,FOB,ACTIVE
50,58,CTR-00050,2024-06-15,2025-08-09,JPY,FOB,ACTIVE
51,427,CTR-00051,2024-04-10,2026-03-20,USD,EXW,ACTIVE
52,210,CTR-00052,2024-12-29,2026-01-21,JPY,EXW,ACTIVE
53,401,CTR-00053,2024-09-25,2026-03-31,KRW,DDP,ACTIVE
54,19,CTR-00054,2023-09-07,2025-03-24,CNY,FOB,ACTIVE
55,207,CTR-00055,2023-08-29,2025-08-22,USD,CIF,ACTIVE
56,307,CTR-00056,2023-12-28,2025-09-30,CNY,DAP,ACTIVE
57,481,CTR-00057,2023-12-13,2025-03-06,EUR,DAP,ACTIVE
58,108,CTR-00058,2023-07-22,2025-05-25,USD,CIF,ACTIVE
59,40,CTR-00059,2023-08-24,2024-11-01,KRW,DAP,ACTIVE
60,290,CTR-00060,2023-09-07,2024-11-16,KRW,DAP,ACTIVE
61,137,CTR-00061,2023-10-01,2024-11-10,KRW,EXW,ACTIVE
62,275,CTR-00062,2023-12-14,2025-11-14,JPY,DAP,ACTIVE
63,131,CTR-00063,2023-05-12,2025-05-01,KRW,DDP,ACTIVE
64,163,CTR-00064,2024-05-02,2025-12-19,CNY,DDP,ACTIVE
65,219,CTR-00065,2024-12-10,2026-05-12,KRW,DDP,ACTIVE
66,134,CTR-00066,2023-08-26,2025-01-11,KRW,DDP,ACTIVE
67,144,CTR-00067,2023-01-12,2024-01-16,KRW,FOB,ACTIVE
68,321,CTR-00068,2024-02-07,2025-03-10,USD,FOB,ACTIVE
69,83,CTR-00069,2023-06-28,2025-03-12,KRW,FOB,ACTIVE
70,349,CTR-00070,2024-04-13,2025-04-24,JPY,CIF,ACTIVE
71,64,CTR-00071,2024-05-06,2025-08-29,USD,DAP,ACTIVE
72,251,CTR-00072,2024-08-19,2026-08-02,KRW,CIF,ACTIVE
73,140,CTR-00073,2024-04-12,2025-11-07,JPY,CIF,ACTIVE
74,485,CTR-00074,2024-08-25,2026-01-20,CNY,EXW,ACTIVE
75,67,CTR-00075,2023-05-05,2024-06-06,EUR,DAP,ACTIVE
76,206,CTR-00076,2023-03-27,2025-03-05,JPY,DAP,ACTIVE
77,155,CTR-00077,2024-05-29,2025-11-03,KRW,DDP,ACTIVE
78,117,CTR-00078,2023-08-07,2025-04-08,KRW,DDP,ACTIVE
79,384,CTR-00079,2024-12-28,2026-05-02,KRW,CIF,ACTIVE
80,224,CTR-00080,2023-06-11,2024-06-14,EUR,DDP,ACTIVE
81,117,CTR-00081,2023-04-29,2024-12-18,CNY,DDP,ACTIVE
82,317,CTR-00082,2023-10-24,2025-03-12,CNY,CIF,ACTIVE
83,323,CTR-00083,2023-10-23,2025-08-13,KRW,EXW,ACTIVE
84,349,CTR-00084,2024-10-08,2026-09-23,JPY,FOB,ACTIVE
85,111,CTR-00085,2023-02-08,2024-11-29,JPY,CIF,ACTIVE
86,233,CTR-00086,2023-07-05,2024-08-17,CNY,DAP,ACTIVE
87,115,CTR-00087,2023-06-23,2024-10-17,KRW,CIF,ACTIVE
88,470,CTR-00088,2023-05-19,2025-02-26,USD,DDP,ACTIVE
89,88,CTR-00089,2023-10-11,2025-03-07,EUR,EXW,ACTIVE
90,417,CTR-00090,2023-01-22,2024-07-31,CNY,DDP,ACTIVE
91,463,CTR-00091,2024-11-29,2026-05-19,CNY,FOB,ACTIVE
92,498,CTR-00092,2023-08-24,2025-02-08,KRW,CIF,ACTIVE
93,486,CTR-00093,2024-07-17,2026-01-13,USD,FOB,ACTIVE
94,317,CTR-00094,2024-02-16,2025-02-15,JPY,EXW,ACTIVE
95,431,CTR-00095,2024-02-05,2025-10-18,CNY,FOB,ACTIVE
96,136,CTR-00096,2024-01-02,2025-10-12,EUR,DAP,ACTIVE
97,24,CTR-00097,2024-06-03,2026-05-06,JPY,DAP,ACTIVE
98,163,CTR-00098,2023-10-21,2025-07-10,USD,DAP,ACTIVE
99,459,CTR-00099,2024-05-25,2025-09-20,CNY,EXW,ACTIVE
100,210,CTR-00100,2024-07-08,2026-02-11,KRW,DDP,ACTIVE
101,485,CTR-00101,2024-07-11,2025-11-23,JPY,DDP,ACTIVE
102,343,CTR-00102,2024-05-13,2026-01-10,JPY,EXW,ACTIVE
103,127,CTR-00103,2024-09-26,2026-08-01,JPY,FOB,ACTIVE
104,307,CTR-00104,2023-09-21,2024-09-30,USD,DAP,ACTIVE
105,302,CTR-00105,2024-07-27,2026-07-10,USD,CIF,ACTIVE
106,207,CTR-00106,2023-06-19,2024-09-09,USD,CIF,ACTIVE
107,148,CTR-00107,2024-06-24,2026-03-16,JPY,DAP,ACTIVE
108,461,CTR-00108,2024-12-14,2026-06-02,KRW,DAP,ACTIVE
109,490,CTR-00109,2023-03-08,2024-07-08,EUR,DDP,ACTIVE
110,423,CTR-00110,2023-02-21,2024-07-08,EUR,FOB,ACTIVE
111,197,CTR-00111,2024-06-09,2025-07-20,KRW,CIF,ACTIVE
112,412,CTR-00112,2024-03-02,2026-02-04,EUR,DAP,ACTIVE
113,381,CTR-00113,2024-10-26,2025-11-20,JPY,DAP,ACTIVE
114,26,CTR-00114,2023-01-09,2024-12-07,USD,DAP,ACTIVE
115,240,CTR-00115,2024-02-09,2026-01-04,JPY,CIF,ACTIVE
116,400,CTR-00116,2024-03-13,2025-10-18,KRW,EXW,ACTIVE
117,169,CTR-00117,2024-11-30,2026-06-21,JPY,DDP,ACTIVE
118,14,CTR-00118,2024-10-25,2026-07-13,JPY,DAP,ACTIVE
119,322,CTR-00119,2024-09-30,2025-12-12,USD,DDP,ACTIVE
120,159,CTR-00120,2023-02-11,2024-07-15,USD,CIF,ACTIVE
121,116,CTR-00121,2023-02-28,2024-05-17,KRW,EXW,ACTIVE
122,56,CTR-00122,2023-11-01,2024-11-04,CNY,CIF,ACTIVE
123,274,CTR-00123,2023-05-09,2025-02-28,CNY,CIF,ACTIVE
124,299,CTR-00124,2023-06-01,2025-03-03,CNY,DAP,ACTIVE
125,48,CTR-00125,2023-10-17,2025-05-02,USD,CIF,ACTIVE
126,283,CTR-00126,2024-09-09,2026-07-16,CNY,DAP,ACTIVE
127,274,CTR-00127,2023-06-08,2024-08-20,EUR,CIF,ACTIVE
128,294,CTR-00128,2023-05-24,2024-06-03,JPY,DDP,ACTIVE
129,151,CTR-00129,2023-12-04,2025-05-23,KRW,DAP,ACTIVE
130,180,CTR-00130,2024-05-16,2026-01-26,KRW,DDP,ACTIVE
131,480,CTR-00131,2023-11-27,2025-06-10,USD,DAP,ACTIVE
132,373,CTR-00132,2024-12-02,2026-11-22,JPY,CIF,ACTIVE
133,238,CTR-00133,2024-08-03,2026-06-07,KRW,DDP,ACTIVE
134,396,CTR-00134,2023-05-21,2025-05-04,USD,CIF,ACTIVE
135,76,CTR-00135,2023-12-16,2025-04-21,KRW,FOB,ACTIVE
136,385,CTR-00136,2023-10-09,2025-09-15,USD,EXW,ACTIVE
137,27,CTR-00137,2023-04-20,2024-08-22,USD,DAP,ACTIVE
138,93,CTR-00138,2023-09-05,2025-06-20,USD,DAP,ACTIVE
139,112,CTR-00139,2023-04-01,2024-06-12,EUR,EXW,ACTIVE
140,259,CTR-00140,2023-02-11,2025-01-30,EUR,DDP,ACTIVE
141,26,CTR-00141,2023-05-21,2024-06-26,CNY,DAP,ACTIVE
142,362,CTR-00142,2024-02-27,2025-06-12,USD,CIF,ACTIVE
143,96,CTR-00143,2024-03-25,2026-03-10,EUR,DAP,ACTIVE
144,438,CTR-00144,2024-10-14,2026-08-27,CNY,EXW,ACTIVE
145,238,CTR-00145,2024-09-01,2025-12-14,EUR,DAP,ACTIVE
146,423,CTR-00146,2023-06-14,2025-03-17,JPY,DDP,ACTIVE
147,207,CTR-00147,2024-07-11,2026-03-16,USD,FOB,ACTIVE
148,247,CTR-00148,2024-10-30,2026-10-05,USD,DDP,ACTIVE
149,167,CTR-00149,2024-05-15,2026-03-05,KRW,DDP,ACTIVE
150,283,CTR-00150,2024-07-28,2025-10-24,JPY,EXW,ACTIVE
151,54,CTR-00151,2023-08-24,2025-08-13,KRW,CIF,ACTIVE
152,45,CTR-00152,2023-11-30,2025-10-10,JPY,EXW,ACTIVE
153,268,CTR-00153,2024-02-07,2025-12-26,JPY,DAP,ACTIVE
154,243,CTR-00154,2023-08-15,2025-03-02,EUR,EXW,ACTIVE
155,496,CTR-00155,2024-03-31,2025-06-17,JPY,FOB,ACTIVE
156,315,CTR-00156,2024-03-10,2025-10-03,USD,CIF,ACTIVE
157,136,CTR-00157,2024-09-03,2025-09-16,JPY,DDP,ACTIVE
158,211,CTR-00158,2023-06-05,2024-11-10,JPY,FOB,ACTIVE
159,439,CTR-00159,2023-01-01,2024-04-12,EUR,FOB,ACTIVE
160,273,CTR-00160,2023-07-20,2025-04-01,CNY,EXW,ACTIVE
161,325,CTR-00161,2023-03-31,2024-08-08,USD,CIF,ACTIVE
162,121,CTR-00162,2024-10-05,2025-12-01,USD,FOB,ACTIVE
163,490,CTR-00163,2023-10-25,2025-04-20,USD,EXW,ACTIVE
164,183,CTR-00164,2024-05-09,2025-10-09,JPY,DAP,ACTIVE
165,162,CTR-00165,2023-08-11,2024-11-26,EUR,EXW,ACTIVE
166,305,CTR-00166,2024-10-10,2026-08-06,EUR,FOB,ACTIVE
167,201,CTR-00167,2024-10-02,2026-04-14,KRW,FOB,ACTIVE
168,180,CTR-00168,2023-08-24,2025-01-24,JPY,CIF,ACTIVE
169,458,CTR-00169,2023-03-03,2024-08-08,KRW,EXW,ACTIVE
170,232,CTR-00170,2023-08-16,2024-08-21,EUR,DAP,ACTIVE
171,363,CTR-00171,2024-11-18,2026-02-02,KRW,DDP,ACTIVE
172,99,CTR-00172,2023-03-10,2024-04-27,USD,DAP,ACTIVE
173,25,CTR-00173,2024-12-17,2026-11-06,KRW,CIF,ACTIVE
174,354,CTR-00174,2024-09-24,2026-03-22,EUR,DAP,ACTIVE
175,6,CTR-00175,2023-10-28,2025-06-27,EUR,FOB,ACTIVE
176,465,CTR-00176,2024-04-18,2025-05-28,KRW,DAP,ACTIVE
177,432,CTR-00177,2023-06-12,2024-11-25,JPY,CIF,ACTIVE
178,45,CTR-00178,2023-10-12,2024-12-14,KRW,CIF,ACTIVE
179,360,CTR-00179,2024-09-25,2026-03-17,JPY,CIF,ACTIVE
180,392,CTR-00180,2023-11-18,2025-11-08,USD,CIF,ACTIVE
181,446,CTR-00181,2023-01-26,2024-11-20,JPY,EXW,ACTIVE
182,475,CTR-00182,2023-10-15,2024-12-23,CNY,FOB,ACTIVE
183,160,CTR-00183,2024-10-14,2026-08-29,USD,FOB,ACTIVE
184,92,CTR-00184,2023-08-10,2024-10-22,JPY,FOB,ACTIVE
185,390,CTR-00185,2024-08-03,2026-02-08,USD,FOB,ACTIVE
186,450,CTR-00186,2023-03-23,2024-04-01,KRW,EXW,ACTIVE
187,46,CTR-00187,2024-08-11,2026-07-17,EUR,DAP,ACTIVE
188,392,CTR-00188,2024-04-09,2025-11-17,JPY,FOB,ACTIVE
189,24,CTR-00189,2024-09-17,2026-08-29,EUR,DDP,ACTIVE
190,445,CTR-00190,2024-12-20,2026-03-23,KRW,FOB,ACTIVE
191,439,CTR-00191,2023-10-24,2024-11-24,EUR,CIF,ACTIVE
192,359,CTR-00192,2024-02-08,2026-01-07,USD,FOB,ACTIVE
193,311,CTR-00193,2023-12-06,2025-08-25,USD,FOB,ACTIVE
194,201,CTR-00194,2023-04-24,2024-11-26,JPY,DDP,ACTIVE
195,433,CTR-00195,2023-11-03,2025-07-28,EUR,EXW,ACTIVE
196,279,CTR-00196,2023-01-22,2024-11-04,USD,EXW,ACTIVE
197,299,CTR-00197,2024-10-16,2026-07-23,KRW,DAP,ACTIVE
198,38,CTR-00198,2023-11-07,2025-08-29,JPY,CIF,ACTIVE
199,290,CTR-00199,2023-04-08,2024-07-18,CNY,EXW,ACTIVE
200,102,CTR-00200,2023-03-17,2025-02-12,KRW,DDP,ACTIVE
201,70,CTR-00201,2024-07-16,2025-11-09,USD,DDP,ACTIVE
202,222,CTR-00202,2023-09-30,2025-05-11,USD,EXW,ACTIVE
203,441,CTR-00203,2024-10-22,2025-11-22,KRW,EXW,ACTIVE
204,37,CTR-00204,2024-05-05,2025-07-07,JPY,DAP,ACTIVE
205,160,CTR-00205,2023-08-23,2024-11-14,EUR,DDP,ACTIVE
206,372,CTR-00206,2023-07-11,2024-10-13,USD,CIF,ACTIVE
207,318,CTR-00207,2023-08-24,2025-02-24,USD,EXW,ACTIVE
208,319,CTR-00208,2024-11-16,2025-12-27,CNY,EXW,ACTIVE
209,359,CTR-00209,2024-10-18,2025-10-28,EUR,FOB,ACTIVE
210,336,CTR-00210,2023-04-12,2024-08-20,JPY,DAP,ACTIVE
211,171,CTR-00211,2024-01-16,2025-03-26,USD,DDP,ACTIVE
212,378,CTR-00212,2024-08-20,2025-11-18,JPY,CIF,ACTIVE
213,408,CTR-00213,2024-01-30,2025-11-19,JPY,DAP,ACTIVE
214,447,CTR-00214,2024-01-14,2025-05-31,KRW,CIF,ACTIVE
215,94,CTR-00215,2024-02-21,2025-09-16,KRW,DAP,ACTIVE
216,13,CTR-00216,2024-04-13,2025-12-08,KRW,DDP,ACTIVE
217,399,CTR-00217,2023-06-13,2025-01-25,EUR,DAP,ACTIVE
218,435,CTR-00218,2023-07-06,2025-04-21,JPY,EXW,ACTIVE
219,339,CTR-00219,2024-12-26,2026-09-25,KRW,CIF,ACTIVE
220,228,CTR-00220,2023-05-18,2025-04-13,KRW,CIF,ACTIVE
221,136,CTR-00221,2024-02-05,2025-08-11,JPY,CIF,ACTIVE
222,281,CTR-00222,2023-11-06,2025-03-07,USD,DAP,ACTIVE
223,436,CTR-00223,2024-04-20,2025-12-18,KRW,FOB,ACTIVE
224,352,CTR-00224,2024-10-02,2026-09-19,JPY,DDP,ACTIVE
225,154,CTR-00225,2023-02-16,2024-11-27,JPY,DDP,ACTIVE
226,477,CTR-00226,2024-05-02,2026-01-14,USD,FOB,ACTIVE
227,120,CTR-00227,2023-06-22,2024-08-13,CNY,DDP,ACTIVE
228,129,CTR-00228,2023-07-24,2025-03-31,USD,FOB,ACTIVE
229,52,CTR-00229,2024-01-30,2025-02-17,USD,EXW,ACTIVE
230,198,CTR-00230,2023-12-16,2025-11-05,CNY,CIF,ACTIVE
231,429,CTR-00231,2024-04-14,2025-04-27,CNY,CIF,ACTIVE
232,120,CTR-00232,2023-03-04,2024-05-01,USD,FOB,ACTIVE
233,248,CTR-00233,2023-11-16,2025-11-02,KRW,DDP,ACTIVE
234,130,CTR-00234,2023-08-24,2025-01-05,KRW,FOB,ACTIVE
235,467,CTR-00235,2024-12-15,2026-02-27,EUR,EXW,ACTIVE
236,410,CTR-00236,2023-11-12,2025-06-11,KRW,CIF,ACTIVE
237,67,CTR-00237,2024-08-07,2026-06-30,CNY,DAP,ACTIVE
238,166,CTR-00238,2024-02-17,2025-07-04,JPY,EXW,ACTIVE
239,478,CTR-00239,2024-03-21,2025-04-06,USD,FOB,ACTIVE
240,409,CTR-00240,2023-05-30,2024-06-08,USD,FOB,ACTIVE
241,216,CTR-00241,2024-07-13,2025-07-24,EUR,EXW,ACTIVE
242,201,CTR-00242,2024-06-25,2026-02-28,CNY,CIF,ACTIVE
243,385,CTR-00243,2023-06-22,2024-11-03,CNY,FOB,ACTIVE
244,266,CTR-00244,2023-07-07,2025-06-07,EUR,DAP,ACTIVE
245,359,CTR-00245,2024-06-11,2025-09-28,CNY,DDP,ACTIVE
246,476,CTR-00246,2024-06-13,2025-07-16,KRW,FOB,ACTIVE
247,310,CTR-00247,2023-06-16,2025-02-08,USD,EXW,ACTIVE
248,214,CTR-00248,2024-07-02,2025-08-08,USD,FOB,ACTIVE
249,279,CTR-00249,2023-02-14,2024-12-25,CNY,EXW,ACTIVE
250,260,CTR-00250,2024-09-23,2026-02-04,JPY,DAP,ACTIVE
251,28,CTR-00251,2024-06-12,2026-03-19,CNY,FOB,ACTIVE
252,400,CTR-00252,2023-11-16,2025-07-08,EUR,EXW,ACTIVE
253,267,CTR-00253,2023-08-01,2025-01-22,KRW,EXW,ACTIVE
254,95,CTR-00254,2024-11-13,2025-12-31,KRW,FOB,ACTIVE
255,101,CTR-00255,2024-12-01,2026-03-16,KRW,FOB,ACTIVE
256,67,CTR-00256,2023-08-28,2025-05-21,USD,CIF,ACTIVE
257,444,CTR-00257,2024-01-23,2025-07-23,EUR,EXW,ACTIVE
258,267,CTR-00258,2023-05-16,2024-05-27,USD,FOB,ACTIVE
259,396,CTR-00259,2023-07-01,2025-01-15,EUR,DAP,ACTIVE
260,215,CTR-00260,2023-06-20,2024-10-16,KRW,EXW,ACTIVE
261,132,CTR-00261,2023-10-22,2024-11-30,KRW,FOB,ACTIVE
262,171,CTR-00262,2024-02-02,2025-05-04,EUR,DAP,ACTIVE
263,426,CTR-00263,2023-03-23,2024-07-22,KRW,DDP,ACTIVE
264,254,CTR-00264,2024-06-22,2025-08-27,JPY,FOB,ACTIVE
265,274,CTR-00265,2023-12-17,2025-06-26,KRW,DDP,ACTIVE
266,174,CTR-00266,2024-01-09,2025-12-20,USD,EXW,ACTIVE
267,179,CTR-00267,2024-07-01,2026-02-05,USD,DDP,ACTIVE
268,227,CTR-00268,2023-08-20,2025-07-26,JPY,DDP,ACTIVE
269,448,CTR-00269,2024-09-08,2026-02-14,JPY,EXW,ACTIVE
270,323,CTR-00270,2023-08-10,2025-07-13,CNY,DAP,ACTIVE
271,379,CTR-00271,2024-02-19,2025-05-12,CNY,DDP,ACTIVE
272,53,CTR-00272,2023-07-22,2025-05-14,KRW,DDP,ACTIVE
273,309,CTR-00273,2024-01-24,2026-01-09,EUR,CIF,ACTIVE
274,316,CTR-00274,2023-03-27,2025-03-23,USD,FOB,ACTIVE
275,361,CTR-00275,2024-02-18,2025-02-19,CNY,DAP,ACTIVE
276,51,CTR-00276,2023-10-28,2025-10-14,JPY,FOB,ACTIVE
277,59,CTR-00277,2024-08-17,2025-10-10,USD,DAP,ACTIVE
278,440,CTR-00278,2024-05-24,2025-07-13,EUR,CIF,ACTIVE
279,56,CTR-00279,2023-11-10,2025-01-29,JPY,FOB,ACTIVE
280,60,CTR-00280,2023-02-20,2024-04-24,CNY,DAP,ACTIVE
281,418,CTR-00281,2023-01-01,2024-07-31,KRW,EXW,ACTIVE
282,296,CTR-00282,2024-02-19,2026-02-06,JPY,DAP,ACTIVE
283,39,CTR-00283,2023-07-10,2025-05-26,JPY,FOB,ACTIVE
284,356,CTR-00284,2023-04-30,2025-02-06,EUR,DAP,ACTIVE
285,466,CTR-00285,2023-05-13,2024-10-28,JPY,DAP,ACTIVE
286,62,CTR-00286,2024-06-27,2025-12-23,EUR,EXW,ACTIVE
287,255,CTR-00287,2023-09-04,2025-08-24,EUR,EXW,ACTIVE
288,80,CTR-00288,2023-05-21,2025-03-11,EUR,CIF,ACTIVE
289,407,CTR-00289,2023-06-16,2024-09-01,EUR,DAP,ACTIVE
290,472,CTR-00290,2024-09-28,2025-12-12,EUR,EXW,ACTIVE
291,362,CTR-00291,2023-07-01,2025-03-25,KRW,CIF,ACTIVE
292,81,CTR-00292,2024-11-14,2026-04-04,KRW,DAP,ACTIVE
293,412,CTR-00293,2024-11-13,2026-07-13,JPY,DDP,ACTIVE
294,306,CTR-00294,2024-11-03,2026-03-30,CNY,CIF,ACTIVE
295,60,CTR-00295,2023-11-24,2025-02-26,KRW,DAP,ACTIVE
296,266,CTR-00296,2023-03-01,2024-10-10,KRW,FOB,ACTIVE
297,133,CTR-00297,2023-07-03,2024-08-16,KRW,FOB,ACTIVE
298,243,CTR-00298,2024-11-02,2026-04-17,KRW,FOB,ACTIVE
299,335,CTR-00299,2023-09-08,2024-12-07,CNY,EXW,ACTIVE
300,118,CTR-00300,2024-02-29,2026-01-24,KRW,FOB,ACTIVE
