SUPPLIER_ID,SUPPLIER_NAME,SUPPLIER_CODE,COUNTRY_ID,COMMODITY_ID,RELIABILITY_RATING,IS_PROBLEM,ACTIVE,IS_SYNTHETIC
1,NEXORA SEMICONDUCTORS,SUP-00001,7,2,0.88,True,True,True
2,NEXORA COMPONENTS,SUP-00002,17,1,0.84,False,True,True
3,NEXORA MATERIALS,SUP-00003,11,8,0.74,False,True,True
4,NEXORA ELECTRONICS,SUP-00004,8,5,0.79,False,True,True
5,NEXORA TECHNOLOGIES,SUP-00005,3,9,0.94,False,True,True
6,NEXORA PRECISION,SUP-00006,12,7,0.82,False,True,True
7,NEXORA SYSTEMS,SUP-00007,22,11,0.68,False,True,True
8,NEXORA SOLUTIONS,SUP-00008,19,9,0.81,False,True,True
9,NEXORA INDUSTRIES,SUP-00009,17,5,0.69,False,True,True
10,NEXORA MANUFACTURING,SUP-00010,22,8,0.69,False,True,True
11,BLUEFORGE SEMICONDUCTORS,SUP-00011,11,11,0.83,False,True,True
12,BLUEFORGE COMPONENTS,SUP-00012,8,12,0.76,True,True,True
13,BLUEFORGE MATERIALS,SUP-00013,21,8,0.63,False,True,True
14,BLUEFORGE ELECTRONICS,SUP-00014,21,5,0.77,False,True,True
15,BLUEFORGE TECHNOLOGIES,SUP-00015,13,7,0.78,False,True,True
16,BLUEFORGE PRECISION,SUP-00016,18,3,0.72,False,True,True
17,BLUEFORGE SYSTEMS,SUP-00017,10,9,0.67,False,True,True
18,BLUEFORGE SOLUTIONS,SUP-00018,7,2,0.68,False,True,True
19,BLUEFORGE INDUSTRIES,SUP-00019,19,1,0.78,False,True,True
20,BLUEFORGE MANUFACTURING,SUP-00020,6,10,0.86,False,True,True
21,PENTAWAVE SEMICONDUCTORS,SUP-00021,4,7,0.90,False,True,True
22,PENTAWAVE COMPONENTS,SUP-00022,6,12,0.99,False,True,True
23,PENTAWAVE MATERIALS,SUP-00023,4,6,0.75,True,True,True
24,PENTAWAVE ELECTRONICS,SUP-00024,11,1,0.62,False,True,True
25,PENTAWAVE TECHNOLOGIES,SUP-00025,8,4,0.60,False,True,True
26,PENTAWAVE PRECISION,SUP-00026,24,11,0.68,False,True,True
27,PENTAWAVE SYSTEMS,SUP-00027,24,1,0.80,False,True,True
28,PENTAWAVE SOLUTIONS,SUP-00028,2,3,0.78,False,True,True
29,PENTAWAVE INDUSTRIES,SUP-00029,19,1,0.83,False,True,True
30,PENTAWAVE MANUFACTURING,SUP-00030,17,8,0.71,False,True,True
31,VERTEX SEMICONDUCTORS,SUP-00031,8,6,0.73,False,True,True
32,VERTEX COMPONENTS,SUP-00032,16,9,0.78,False,True,True
33,VERTEX MATERIALS,SUP-00033,22,2,0.83,False,True,True
34,VERTEX ELECTRONICS,SUP-00034,11,9,0.65,False,True,True
35,VERTEX TECHNOLOGIES,SUP-00035,8,9,0.66,False,True,True
36,VERTEX PRECISION,SUP-00036,17,5,0.91,False,True,True
37,VERTEX SYSTEMS,SUP-00037,8,3,0.85,False,True,True
38,VERTEX SOLUTIONS,SUP-00038,20,1,0.94,False,True,True
39,VERTEX INDUSTRIES,SUP-00039,19,1,0.74,False,True,True
40,VERTEX MANUFACTURING,SUP-00040,2,8,0.74,False,True,True
41,SOLARIS SEMICONDUCTORS,SUP-00041,17,5,0.93,False,True,True
42,SOLARIS COMPONENTS,SUP-00042,19,1,0.90,False,True,True
43,SOLARIS MATERIALS,SUP-00043,2,4,0.76,False,True,True
44,SOLARIS ELECTRONICS,SUP-00044,1,4,0.95,False,True,True
45,SOLARIS TECHNOLOGIES,SUP-00045,19,10,0.98,False,True,True
46,SOLARIS PRECISION,SUP-00046,10,8,0.95,False,True,True
47,SOLARIS SYSTEMS,SUP-00047,7,7,0.77,False,True,True
48,SOLARIS SOLUTIONS,SUP-00048,13,6,0.62,False,True,True
49,SOLARIS INDUSTRIES,SUP-00049,6,8,0.85,False,True,True
50,SOLARIS MANUFACTURING,SUP-00050,19,8,0.94,False,True,True
51,QUANTUM SEMICONDUCTORS,SUP-00051,14,11,0.78,False,True,True
52,QUANTUM COMPONENTS,SUP-00052,1,6,0.72,False,True,True
53,QUANTUM MATERIALS,SUP-00053,23,2,0.89,False,True,True
54,QUANTUM ELECTRONICS,SUP-00054,23,3,0.64,False,True,True
55,QUANTUM TECHNOLOGIES,SUP-00055,15,4,0.67,False,True,True
56,QUANTUM PRECISION,SUP-00056,17,9,0.94,False,True,True
57,QUANTUM SYSTEMS,SUP-00057,16,9,0.68,False,True,True
58,QUANTUM SOLUTIONS,SUP-00058,4,6,0.75,False,True,True
59,QUANTUM INDUSTRIES,SUP-00059,10,12,0.66,False,True,True
60,QUANTUM MANUFACTURING,SUP-00060,9,10,0.61,False,True,True
61,APEX SEMICONDUCTORS,SUP-00061,19,6,0.86,False,True,True
62,APEX COMPONENTS,SUP-00062,7,2,0.90,False,True,True
63,APEX MATERIALS,SUP-00063,15,2,0.91,False,True,True
64,APEX ELECTRONICS,SUP-00064,3,10,0.98,False,True,True
65,APEX TECHNOLOGIES,SUP-00065,22,12,0.64,False,True,True
66,APEX PRECISION,SUP-00066,24,8,0.99,False,True,True
67,APEX SYSTEMS,SUP-00067,9,3,0.67,False,True,True
68,APEX SOLUTIONS,SUP-00068,7,3,0.83,False,True,True
69,APEX INDUSTRIES,SUP-00069,13,5,0.86,False,True,True
70,APEX MANUFACTURING,SUP-00070,4,2,0.65,False,True,True
71,ORION SEMICONDUCTORS,SUP-00071,11,1,0.78,False,True,True
72,ORION COMPONENTS,SUP-00072,12,10,0.64,False,True,True
73,ORION MATERIALS,SUP-00073,9,1,0.98,False,True,True
74,ORION ELECTRONICS,SUP-00074,15,11,0.78,False,True,True
75,ORION TECHNOLOGIES,SUP-00075,18,6,0.74,False,True,True
76,ORION PRECISION,SUP-00076,19,11,0.78,False,True,True
77,ORION SYSTEMS,SUP-00077,1,11,0.70,False,True,True
78,ORION SOLUTIONS,SUP-00078,20,6,0.95,False,True,True
79,ORION INDUSTRIES,SUP-00079,20,6,0.69,False,True,True
80,ORION MANUFACTURING,SUP-00080,1,3,0.64,False,True,True
81,TITAN SEMICONDUCTORS,SUP-00081,17,9,0.60,False,True,True
82,TITAN COMPONENTS,SUP-00082,15,4,0.75,False,True,True
83,TITAN MATERIALS,SUP-00083,9,9,0.80,False,True,True
84,TITAN ELECTRONICS,SUP-00084,23,11,0.70,False,True,True
85,TITAN TECHNOLOGIES,SUP-00085,9,12,0.89,False,True,True
86,TITAN PRECISION,SUP-00086,3,2,0.92,False,True,True
87,TITAN SYSTEMS,SUP-00087,14,11,0.84,False,True,True
88,TITAN SOLUTIONS,SUP-00088,4,12,0.73,False,True,True
89,TITAN INDUSTRIES,SUP-00089,13,6,0.96,False,True,True
90,TITAN MANUFACTURING,SUP-00090,23,3,0.81,False,True,True
91,ZENITH SEMICONDUCTORS,SUP-00091,10,12,0.84,False,True,True
92,ZENITH COMPONENTS,SUP-00092,2,12,0.60,False,True,True
93,ZENITH MATERIALS,SUP-00093,5,10,0.80,False,True,True
94,ZENITH ELECTRONICS,SUP-00094,7,5,0.96,False,True,True
95,ZENITH TECHNOLOGIES,SUP-00095,8,11,0.94,False,True,True
96,ZENITH PRECISION,SUP-00096,24,4,0.67,False,True,True
97,ZENITH SYSTEMS,SUP-00097,3,8,0.88,False,True,True
98,ZENITH SOLUTIONS,SUP-00098,23,11,0.88,False,True,True
99,ZENITH INDUSTRIES,SUP-00099,2,9,0.63,False,True,True
100,ZENITH MANUFACTURING,SUP-00100,9,4,0.80,False,True,True
101,NOVA SEMICONDUCTORS,SUP-00101,23,1,0.97,False,True,True
102,NOVA COMPONENTS,SUP-00102,19,5,0.84,False,True,True
103,NOVA MATERIALS,SUP-00103,15,10,0.60,False,True,True
104,NOVA ELECTRONICS,SUP-00104,14,10,0.78,False,True,True
105,NOVA TECHNOLOGIES,SUP-00105,11,4,0.78,False,True,True
106,NOVA PRECISION,SUP-00106,12,3,0.60,False,True,True
107,NOVA SYSTEMS,SUP-00107,5,12,0.60,False,True,True
108,NOVA SOLUTIONS,SUP-00108,18,5,0.73,False,True,True
109,NOVA INDUSTRIES,SUP-00109,7,12,0.68,False,True,True
110,NOVA MANUFACTURING,SUP-00110,21,2,0.86,False,True,True
111,PRISM SEMICONDUCTORS,SUP-00111,4,5,0.94,False,True,True
112,PRISM COMPONENTS,SUP-00112,17,1,0.65,False,True,True
113,PRISM MATERIALS,SUP-00113,10,1,0.68,False,True,True
114,PRISM ELECTRONICS,SUP-00114,16,7,0.60,False,True,True
115,PRISM TECHNOLOGIES,SUP-00115,24,10,0.74,False,True,True
116,PRISM PRECISION,SUP-00116,17,2,0.93,False,True,True
117,PRISM SYSTEMS,SUP-00117,14,4,0.96,False,True,True
118,PRISM SOLUTIONS,SUP-00118,6,11,0.88,False,True,True
119,PRISM INDUSTRIES,SUP-00119,3,2,0.95,False,True,True
120,PRISM MANUFACTURING,SUP-00120,12,9,0.74,False,True,True
121,ATLAS SEMICONDUCTORS,SUP-00121,24,1,0.79,False,True,True
122,ATLAS COMPONENTS,SUP-00122,14,9,0.76,False,True,True
123,ATLAS MATERIALS,SUP-00123,7,4,0.81,False,True,True
124,ATLAS ELECTRONICS,SUP-00124,8,4,0.63,False,True,True
125,ATLAS TECHNOLOGIES,SUP-00125,7,10,0.85,False,True,True
126,ATLAS PRECISION,SUP-00126,14,3,0.84,False,True,True
127,ATLAS SYSTEMS,SUP-00127,14,12,0.61,False,True,True
128,ATLAS SOLUTIONS,SUP-00128,15,6,0.91,False,True,True
129,ATLAS INDUSTRIES,SUP-00129,12,4,0.70,False,True,True
130,ATLAS MANUFACTURING,SUP-00130,16,7,0.76,False,True,True
131,ECHO SEMICONDUCTORS,SUP-00131,13,10,0.60,False,True,True
132,ECHO COMPONENTS,SUP-00132,6,5,0.78,False,True,True
133,ECHO MATERIALS,SUP-00133,8,11,0.79,False,True,True
134,ECHO ELECTRONICS,SUP-00134,12,6,0.62,False,True,True
135,ECHO TECHNOLOGIES,SUP-00135,9,10,0.97,False,True,True
136,ECHO PRECISION,SUP-00136,11,8,0.60,False,True,True
137,ECHO SYSTEMS,SUP-00137,1,8,0.69,False,True,True
138,ECHO SOLUTIONS,SUP-00138,4,1,0.63,False,True,True
139,ECHO INDUSTRIES,SUP-00139,11,6,0.79,False,True,True
140,ECHO MANUFACTURING,SUP-00140,14,1,0.92,False,True,True
141,CIPHER SEMICONDUCTORS,SUP-00141,22,11,0.96,False,True,True
142,CIPHER COMPONENTS,SUP-00142,8,6,0.75,False,True,True
143,CIPHER MATERIALS,SUP-00143,14,9,0.82,False,True,True
144,CIPHER ELECTRONICS,SUP-00144,14,6,0.94,False,True,True
145,CIPHER TECHNOLOGIES,SUP-00145,11,9,0.77,False,True,True
146,CIPHER PRECISION,SUP-00146,11,12,0.88,False,True,True
147,CIPHER SYSTEMS,SUP-00147,11,7,0.60,False,True,True
148,CIPHER SOLUTIONS,SUP-00148,15,5,0.94,False,True,True
149,CIPHER INDUSTRIES,SUP-00149,19,5,0.98,False,True,True
150,CIPHER MANUFACTURING,SUP-00150,2,10,0.70,False,True,True
151,HELIX SEMICONDUCTORS,SUP-00151,9,10,0.70,False,True,True
152,HELIX COMPONENTS,SUP-00152,20,9,0.93,False,True,True
153,HELIX MATERIALS,SUP-00153,15,3,0.85,False,True,True
154,HELIX ELECTRONICS,SUP-00154,24,2,0.73,False,True,True
155,HELIX TECHNOLOGIES,SUP-00155,19,9,0.77,False,True,True
156,HELIX PRECISION,SUP-00156,4,8,0.98,False,True,True
157,HELIX SYSTEMS,SUP-00157,19,2,0.99,False,True,True
158,HELIX SOLUTIONS,SUP-00158,3,9,0.62,False,True,True
159,HELIX INDUSTRIES,SUP-00159,13,1,0.96,False,True,True
160,HELIX MANUFACTURING,SUP-00160,13,6,0.76,False,True,True
161,FLUX SEMICONDUCTORS,SUP-00161,13,6,0.87,False,True,True
162,FLUX COMPONENTS,SUP-00162,22,4,0.93,False,True,True
163,FLUX MATERIALS,SUP-00163,15,5,0.88,False,True,True
164,FLUX ELECTRONICS,SUP-00164,6,7,0.88,False,True,True
165,FLUX TECHNOLOGIES,SUP-00165,21,1,0.70,False,True,True
166,FLUX PRECISION,SUP-00166,9,3,0.64,False,True,True
167,FLUX SYSTEMS,SUP-00167,20,2,0.69,False,True,True
168,FLUX SOLUTIONS,SUP-00168,18,12,0.84,False,True,True
169,FLUX INDUSTRIES,SUP-00169,20,2,0.76,False,True,True
170,FLUX MANUFACTURING,SUP-00170,11,4,0.66,False,True,True
171,IONIC SEMICONDUCTORS,SUP-00171,7,7,0.99,False,True,True
172,IONIC COMPONENTS,SUP-00172,5,3,0.69,False,True,True
173,IONIC MATERIALS,SUP-00173,10,7,0.94,False,True,True
174,IONIC ELECTRONICS,SUP-00174,18,1,0.78,False,True,True
175,IONIC TECHNOLOGIES,SUP-00175,21,2,0.75,False,True,True
176,IONIC PRECISION,SUP-00176,12,9,0.82,False,True,True
177,IONIC SYSTEMS,SUP-00177,1,5,0.89,False,True,True
178,IONIC SOLUTIONS,SUP-00178,8,12,0.78,False,True,True
179,IONIC INDUSTRIES,SUP-00179,20,8,0.96,False,True,True
180,IONIC MANUFACTURING,SUP-00180,6,10,0.99,False,True,True
181,VORTEX SEMICONDUCTORS,SUP-00181,7,2,0.90,False,True,True
182,VORTEX COMPONENTS,SUP-00182,12,5,0.99,False,True,True
183,VORTEX MATERIALS,SUP-00183,16,4,0.84,False,True,True
184,VORTEX ELECTRONICS,SUP-00184,2,1,0.79,False,True,True
185,VORTEX TECHNOLOGIES,SUP-00185,22,10,0.60,False,True,True
186,VORTEX PRECISION,SUP-00186,10,7,0.70,False,True,True
187,VORTEX SYSTEMS,SUP-00187,4,5,0.82,False,True,True
188,VORTEX SOLUTIONS,SUP-00188,20,4,0.81,False,True,True
189,VORTEX INDUSTRIES,SUP-00189,9,4,0.73,False,True,True
190,VORTEX MANUFACTURING,SUP-00190,15,1,0.82,False,True,True
191,STELLAR SEMICONDUCTORS,SUP-00191,7,12,0.74,False,True,True
192,STELLAR COMPONENTS,SUP-00192,3,4,0.83,False,True,True
193,STELLAR MATERIALS,SUP-00193,13,4,0.72,False,True,True
194,STELLAR ELECTRONICS,SUP-00194,9,9,0.88,False,True,True
195,STELLAR TECHNOLOGIES,SUP-00195,19,2,0.62,False,True,True
196,STELLAR PRECISION,SUP-00196,7,3,0.85,False,True,True
197,STELLAR SYSTEMS,SUP-00197,14,9,0.91,False,True,True
198,STELLAR SOLUTIONS,SUP-00198,10,10,0.67,False,True,True
199,STELLAR INDUSTRIES,SUP-00199,18,6,0.93,False,True,True
200,STELLAR MANUFACTURING,SUP-00200,2,1,0.76,False,True,True
201,CREST SEMICONDUCTORS,SUP-00201,2,9,0.89,False,True,True
202,CREST COMPONENTS,SUP-00202,1,5,0.81,False,True,True
203,CREST MATERIALS,SUP-00203,17,9,0.88,False,True,True
204,CREST ELECTRONICS,SUP-00204,12,7,0.64,False,True,True
205,CREST TECHNOLOGIES,SUP-00205,4,10,0.65,False,True,True
206,CREST PRECISION,SUP-00206,18,12,0.70,False,True,True
207,CREST SYSTEMS,SUP-00207,11,10,0.96,False,True,True
208,CREST SOLUTIONS,SUP-00208,19,11,0.90,False,True,True
209,CREST INDUSTRIES,SUP-00209,8,12,0.61,False,True,True
210,CREST MANUFACTURING,SUP-00210,23,11,0.70,False,True,True
211,LUNAR SEMICONDUCTORS,SUP-00211,10,4,0.85,False,True,True
212,LUNAR COMPONENTS,SUP-00212,16,5,0.89,False,True,True
213,LUNAR MATERIALS,SUP-00213,15,7,0.93,False,True,True
214,LUNAR ELECTRONICS,SUP-00214,18,11,0.93,False,True,True
215,LUNAR TECHNOLOGIES,SUP-00215,13,9,0.89,False,True,True
216,LUNAR PRECISION,SUP-00216,15,8,0.97,False,True,True
217,LUNAR SYSTEMS,SUP-00217,3,1,0.70,False,True,True
218,LUNAR SOLUTIONS,SUP-00218,11,10,0.88,False,True,True
219,LUNAR INDUSTRIES,SUP-00219,12,10,0.91,False,True,True
220,LUNAR MANUFACTURING,SUP-00220,12,11,0.88,False,True,True
221,COBALT SEMICONDUCTORS,SUP-00221,9,6,0.67,False,True,True
222,COBALT COMPONENTS,SUP-00222,16,2,0.72,False,True,True
223,COBALT MATERIALS,SUP-00223,16,5,0.77,False,True,True
224,COBALT ELECTRONICS,SUP-00224,10,7,0.65,False,True,True
225,COBALT TECHNOLOGIES,SUP-00225,17,4,0.62,False,True,True
226,COBALT PRECISION,SUP-00226,4,5,0.83,False,True,True
227,COBALT SYSTEMS,SUP-00227,5,5,0.61,False,True,True
228,COBALT SOLUTIONS,SUP-00228,16,5,0.74,False,True,True
229,COBALT INDUSTRIES,SUP-00229,6,2,0.80,False,True,True
230,COBALT MANUFACTURING,SUP-00230,1,6,0.83,False,True,True
231,AETHER SEMICONDUCTORS,SUP-00231,16,5,0.84,False,True,True
232,AETHER COMPONENTS,SUP-00232,16,10,0.97,False,True,True
233,AETHER MATERIALS,SUP-00233,14,8,0.75,False,True,True
234,AETHER ELECTRONICS,SUP-00234,3,9,0.64,False,True,True
235,AETHER TECHNOLOGIES,SUP-00235,22,8,0.77,False,True,True
236,AETHER PRECISION,SUP-00236,19,3,0.87,False,True,True
237,AETHER SYSTEMS,SUP-00237,22,11,0.83,False,True,True
238,AETHER SOLUTIONS,SUP-00238,22,8,0.61,False,True,True
239,AETHER INDUSTRIES,SUP-00239,17,6,0.90,False,True,True
240,AETHER MANUFACTURING,SUP-00240,20,12,0.61,False,True,True
241,MATRIX SEMICONDUCTORS,SUP-00241,13,8,0.73,False,True,True
242,MATRIX COMPONENTS,SUP-00242,13,7,0.75,False,True,True
243,MATRIX MATERIALS,SUP-00243,18,2,0.61,False,True,True
244,MATRIX ELECTRONICS,SUP-00244,11,2,0.99,False,True,True
245,MATRIX TECHNOLOGIES,SUP-00245,16,2,0.88,False,True,True
246,MATRIX PRECISION,SUP-00246,10,1,0.73,False,True,True
247,MATRIX SYSTEMS,SUP-00247,2,7,0.82,False,True,True
248,MATRIX SOLUTIONS,SUP-00248,23,5,0.65,False,True,True
249,MATRIX INDUSTRIES,SUP-00249,8,2,0.99,False,True,True
250,MATRIX MANUFACTURING,SUP-00250,16,1,0.85,False,True,True
251,SYNTH SEMICONDUCTORS,SUP-00251,20,12,0.85,False,True,True
252,SYNTH COMPONENTS,SUP-00252,15,5,0.85,False,True,True
253,SYNTH MATERIALS,SUP-00253,7,7,0.78,False,True,True
254,SYNTH ELECTRONICS,SUP-00254,13,3,0.80,False,True,True
255,SYNTH TECHNOLOGIES,SUP-00255,7,10,0.82,False,True,True
256,SYNTH PRECISION,SUP-00256,16,8,0.82,False,True,True
257,SYNTH SYSTEMS,SUP-00257,3,10,0.77,False,True,True
258,SYNTH SOLUTIONS,SUP-00258,8,4,0.74,False,True,True
259,SYNTH INDUSTRIES,SUP-00259,3,5,0.64,False,True,True
260,SYNTH MANUFACTURING,SUP-00260,20,11,0.60,False,True,True
261,PULSE SEMICONDUCTORS,SUP-00261,19,12,0.87,False,True,True
262,PULSE COMPONENTS,SUP-00262,22,6,0.67,False,True,True
263,PULSE MATERIALS,SUP-00263,10,5,0.66,False,True,True
264,PULSE ELECTRONICS,SUP-00264,2,11,0.77,False,True,True
265,PULSE TECHNOLOGIES,SUP-00265,6,4,0.91,False,True,True
266,PULSE PRECISION,SUP-00266,19,8,0.69,False,True,True
267,PULSE SYSTEMS,SUP-00267,3,4,0.96,False,True,True
268,PULSE SOLUTIONS,SUP-00268,12,5,0.74,False,True,True
269,PULSE INDUSTRIES,SUP-00269,15,12,0.73,False,True,True
270,PULSE MANUFACTURING,SUP-00270,11,9,0.88,False,True,True
271,DRIFT SEMICONDUCTORS,SUP-00271,9,7,0.62,False,True,True
272,DRIFT COMPONENTS,SUP-00272,17,11,0.81,False,True,True
273,DRIFT MATERIALS,SUP-00273,4,12,0.87,False,True,True
274,DRIFT ELECTRONICS,SUP-00274,5,6,0.72,False,True,True
275,DRIFT TECHNOLOGIES,SUP-00275,15,5,0.77,False,True,True
276,DRIFT PRECISION,SUP-00276,15,5,0.99,False,True,True
277,DRIFT SYSTEMS,SUP-00277,8,8,0.95,False,True,True
278,DRIFT SOLUTIONS,SUP-00278,8,12,0.91,False,True,True
279,DRIFT INDUSTRIES,SUP-00279,24,5,0.84,False,True,True
280,DRIFT MANUFACTURING,SUP-00280,22,7,0.97,False,True,True
281,OMEGA SEMICONDUCTORS,SUP-00281,4,3,0.73,False,True,True
282,OMEGA COMPONENTS,SUP-00282,15,11,0.86,False,True,True
283,OMEGA MATERIALS,SUP-00283,4,10,0.73,False,True,True
284,OMEGA ELECTRONICS,SUP-00284,14,9,0.69,False,True,True
285,OMEGA TECHNOLOGIES,SUP-00285,6,8,0.84,False,True,True
286,OMEGA PRECISION,SUP-00286,15,3,0.65,False,True,True
287,OMEGA SYSTEMS,SUP-00287,24,11,0.60,False,True,True
288,OMEGA SOLUTIONS,SUP-00288,11,9,0.63,False,True,True
289,OMEGA INDUSTRIES,SUP-00289,4,3,0.60,False,True,True
290,OMEGA MANUFACTURING,SUP-00290,10,8,0.63,False,True,True
291,SIGMA SEMICONDUCTORS,SUP-00291,13,10,0.86,False,True,True
292,SIGMA COMPONENTS,SUP-00292,4,1,0.92,False,True,True
293,SIGMA MATERIALS,SUP-00293,6,7,0.72,False,True,True
294,SIGMA ELECTRONICS,SUP-00294,12,10,0.75,False,True,True
295,SIGMA TECHNOLOGIES,SUP-00295,14,4,0.84,False,True,True
296,SIGMA PRECISION,SUP-00296,17,12,0.85,False,True,True
297,SIGMA SYSTEMS,SUP-00297,11,8,0.96,False,True,True
298,SIGMA SOLUTIONS,SUP-00298,19,7,0.66,False,True,True
299,SIGMA INDUSTRIES,SUP-00299,10,1,0.75,False,True,True
300,SIGMA MANUFACTURING,SUP-00300,11,1,0.66,False,True,True
301,DELTA SEMICONDUCTORS,SUP-00301,7,2,0.94,False,True,True
302,DELTA COMPONENTS,SUP-00302,24,12,0.85,False,True,True
303,DELTA MATERIALS,SUP-00303,24,6,0.95,False,True,True
304,DELTA ELECTRONICS,SUP-00304,23,12,0.63,False,True,True
305,DELTA TECHNOLOGIES,SUP-00305,22,1,0.92,False,True,True
306,DELTA PRECISION,SUP-00306,8,1,0.66,False,True,True
307,DELTA SYSTEMS,SUP-00307,2,8,0.84,False,True,True
308,DELTA SOLUTIONS,SUP-00308,23,3,0.64,False,True,True
309,DELTA INDUSTRIES,SUP-00309,22,6,0.91,False,True,True
310,DELTA MANUFACTURING,SUP-00310,8,10,0.95,False,True,True
311,GAMMA SEMICONDUCTORS,SUP-00311,1,2,0.61,False,True,True
312,GAMMA COMPONENTS,SUP-00312,2,2,0.72,False,True,True
313,GAMMA MATERIALS,SUP-00313,10,5,0.61,False,True,True
314,GAMMA ELECTRONICS,SUP-00314,23,7,0.75,False,True,True
315,GAMMA TECHNOLOGIES,SUP-00315,19,5,0.95,False,True,True
316,GAMMA PRECISION,SUP-00316,20,7,0.73,False,True,True
317,GAMMA SYSTEMS,SUP-00317,15,8,0.65,False,True,True
318,GAMMA SOLUTIONS,SUP-00318,6,5,0.75,False,True,True
319,GAMMA INDUSTRIES,SUP-00319,22,6,0.95,False,True,True
320,GAMMA MANUFACTURING,SUP-00320,12,10,0.97,False,True,True
321,ZETA SEMICONDUCTORS,SUP-00321,15,4,0.99,False,True,True
322,ZETA COMPONENTS,SUP-00322,11,3,0.95,False,True,True
323,ZETA MATERIALS,SUP-00323,12,11,0.72,False,True,True
324,ZETA ELECTRONICS,SUP-00324,15,9,0.78,False,True,True
325,ZETA TECHNOLOGIES,SUP-00325,1,8,0.60,False,True,True
326,ZETA PRECISION,SUP-00326,21,8,0.74,False,True,True
327,ZETA SYSTEMS,SUP-00327,5,9,0.77,False,True,True
328,ZETA SOLUTIONS,SUP-00328,6,11,0.71,False,True,True
329,ZETA INDUSTRIES,SUP-00329,22,6,0.83,False,True,True
330,ZETA MANUFACTURING,SUP-00330,24,1,0.76,False,True,True
331,KAPPA SEMICONDUCTORS,SUP-00331,18,4,0.90,False,True,True
332,KAPPA COMPONENTS,SUP-00332,20,8,0.95,False,True,True
333,KAPPA MATERIALS,SUP-00333,24,9,0.96,False,True,True
334,KAPPA ELECTRONICS,SUP-00334,2,1,0.90,False,True,True
335,KAPPA TECHNOLOGIES,SUP-00335,3,11,0.73,False,True,True
336,KAPPA PRECISION,SUP-00336,20,9,0.92,False,True,True
337,KAPPA SYSTEMS,SUP-00337,23,1,0.99,False,True,True
338,KAPPA SOLUTIONS,SUP-00338,24,10,0.69,False,True,True
339,KAPPA INDUSTRIES,SUP-00339,10,5,0.82,False,True,True
340,KAPPA MANUFACTURING,SUP-00340,14,8,0.87,False,True,True
341,THETA SEMICONDUCTORS,SUP-00341,13,9,0.66,False,True,True
342,THETA COMPONENTS,SUP-00342,1,5,0.74,False,True,True
343,THETA MATERIALS,SUP-00343,24,4,0.94,False,True,True
344,THETA ELECTRONICS,SUP-00344,12,5,0.80,False,True,True
345,THETA TECHNOLOGIES,SUP-00345,12,11,0.95,False,True,True
346,THETA PRECISION,SUP-00346,21,11,0.80,False,True,True
347,THETA SYSTEMS,SUP-00347,15,5,0.62,False,True,True
348,THETA SOLUTIONS,SUP-00348,18,3,0.92,False,True,True
349,THETA INDUSTRIES,SUP-00349,14,9,0.84,False,True,True
350,THETA MANUFACTURING,SUP-00350,16,5,0.71,False,True,True
351,ALPHA SEMICONDUCTORS,SUP-00351,17,5,0.94,False,True,True
352,ALPHA COMPONENTS,SUP-00352,22,2,0.98,False,True,True
353,ALPHA MATERIALS,SUP-00353,12,2,0.75,False,True,True
354,ALPHA ELECTRONICS,SUP-00354,2,5,0.92,False,True,True
355,ALPHA TECHNOLOGIES,SUP-00355,2,7,0.83,False,True,True
356,ALPHA PRECISION,SUP-00356,16,2,0.81,False,True,True
357,ALPHA SYSTEMS,SUP-00357,5,6,0.75,False,True,True
358,ALPHA SOLUTIONS,SUP-00358,23,6,0.90,False,True,True
359,ALPHA INDUSTRIES,SUP-00359,23,12,0.64,False,True,True
360,ALPHA MANUFACTURING,SUP-00360,12,8,0.76,False,True,True
361,BETA SEMICONDUCTORS,SUP-00361,12,5,0.64,False,True,True
362,BETA COMPONENTS,SUP-00362,16,11,0.72,False,True,True
363,BETA MATERIALS,SUP-00363,18,6,0.92,False,True,True
364,BETA ELECTRONICS,SUP-00364,23,3,0.89,False,True,True
365,BETA TECHNOLOGIES,SUP-00365,23,9,0.96,False,True,True
366,BETA PRECISION,SUP-00366,12,12,0.87,False,True,True
367,BETA SYSTEMS,SUP-00367,7,11,0.73,False,True,True
368,BETA SOLUTIONS,SUP-00368,16,2,0.72,False,True,True
369,BETA INDUSTRIES,SUP-00369,10,2,0.85,False,True,True
370,BETA MANUFACTURING,SUP-00370,11,8,0.93,False,True,True
371,EPSILON SEMICONDUCTORS,SUP-00371,12,3,0.91,False,True,True
372,EPSILON COMPONENTS,SUP-00372,12,2,0.86,False,True,True
373,EPSILON MATERIALS,SUP-00373,16,12,0.83,False,True,True
374,EPSILON ELECTRONICS,SUP-00374,22,3,0.90,False,True,True
375,EPSILON TECHNOLOGIES,SUP-00375,3,5,0.85,False,True,True
376,EPSILON PRECISION,SUP-00376,10,1,0.86,False,True,True
377,EPSILON SYSTEMS,SUP-00377,16,2,0.74,False,True,True
378,EPSILON SOLUTIONS,SUP-00378,21,3,0.65,False,True,True
379,EPSILON INDUSTRIES,SUP-00379,13,10,0.69,False,True,True
380,EPSILON MANUFACTURING,SUP-00380,5,12,0.65,False,True,True
381,LAMBDA SEMICONDUCTORS,SUP-00381,9,9,0.95,False,True,True
382,LAMBDA COMPONENTS,SUP-00382,15,2,0.66,False,True,True
383,LAMBDA MATERIALS,SUP-00383,7,7,0.89,False,True,True
384,LAMBDA ELECTRONICS,SUP-00384,4,1,0.90,False,True,True
385,LAMBDA TECHNOLOGIES,SUP-00385,4,8,0.92,False,True,True
386,LAMBDA PRECISION,SUP-00386,5,8,0.71,False,True,True
387,LAMBDA SYSTEMS,SUP-00387,18,11,0.65,False,True,True
388,LAMBDA SOLUTIONS,SUP-00388,3,6,0.60,False,True,True
389,LAMBDA INDUSTRIES,SUP-00389,20,7,0.92,False,True,True
390,LAMBDA MANUFACTURING,SUP-00390,3,9,0.96,False,True,True
391,IOTA SEMICONDUCTORS,SUP-00391,12,2,0.82,False,True,True
392,IOTA COMPONENTS,SUP-00392,22,6,0.77,False,True,True
393,IOTA MATERIALS,SUP-00393,24,1,0.71,False,True,True
394,IOTA ELECTRONICS,SUP-00394,10,11,0.65,False,True,True
395,IOTA TECHNOLOGIES,SUP-00395,3,10,0.77,False,True,True
396,IOTA PRECISION,SUP-00396,2,1,0.76,False,True,True
397,IOTA SYSTEMS,SUP-00397,12,5,0.63,False,True,True
398,IOTA SOLUTIONS,SUP-00398,21,6,0.80,False,True,True
399,IOTA INDUSTRIES,SUP-00399,24,9,0.80,False,True,True
400,IOTA MANUFACTURING,SUP-00400,19,4,0.92,False,True,True
401,TORUS SEMICONDUCTORS,SUP-00401,5,9,0.98,False,True,True
402,TORUS COMPONENTS,SUP-00402,14,9,0.84,False,True,True
403,TORUS MATERIALS,SUP-00403,2,6,0.63,False,True,True
404,TORUS ELECTRONICS,SUP-00404,19,11,0.95,False,True,True
405,TORUS TECHNOLOGIES,SUP-00405,23,2,0.69,False,True,True
406,TORUS PRECISION,SUP-00406,6,7,0.97,False,True,True
407,TORUS SYSTEMS,SUP-00407,13,6,0.96,False,True,True
408,TORUS SOLUTIONS,SUP-00408,21,11,0.60,False,True,True
409,TORUS INDUSTRIES,SUP-00409,7,9,0.86,False,True,True
410,TORUS MANUFACTURING,SUP-00410,22,1,0.75,False,True,True
411,NEXUS SEMICONDUCTORS,SUP-00411,5,4,0.66,False,True,True
412,NEXUS COMPONENTS,SUP-00412,6,1,0.84,False,True,True
413,NEXUS MATERIALS,SUP-00413,9,11,0.91,False,True,True
414,NEXUS ELECTRONICS,SUP-00414,18,11,0.63,False,True,True
415,NEXUS TECHNOLOGIES,SUP-00415,4,5,0.72,False,True,True
416,NEXUS PRECISION,SUP-00416,20,4,0.75,False,True,True
417,NEXUS SYSTEMS,SUP-00417,22,10,0.77,False,True,True
418,NEXUS SOLUTIONS,SUP-00418,16,11,0.86,False,True,True
419,NEXUS INDUSTRIES,SUP-00419,10,2,0.79,False,True,True
420,NEXUS MANUFACTURING,SUP-00420,22,4,0.88,False,True,True
421,PYRO SEMICONDUCTORS,SUP-00421,12,6,0.88,False,True,True
422,PYRO COMPONENTS,SUP-00422,5,5,0.78,False,True,True
423,PYRO MATERIALS,SUP-00423,24,2,0.97,False,True,True
424,PYRO ELECTRONICS,SUP-00424,22,1,0.81,False,True,True
425,PYRO TECHNOLOGIES,SUP-00425,23,3,0.69,False,True,True
426,PYRO PRECISION,SUP-00426,16,10,0.64,False,True,True
427,PYRO SYSTEMS,SUP-00427,10,8,0.91,False,True,True
428,PYRO SOLUTIONS,SUP-00428,18,12,0.99,False,True,True
429,PYRO INDUSTRIES,SUP-00429,14,8,0.97,False,True,True
430,PYRO MANUFACTURING,SUP-00430,21,4,0.78,False,True,True
431,CRYO SEMICONDUCTORS,SUP-00431,17,2,0.61,False,True,True
432,CRYO COMPONENTS,SUP-00432,20,2,0.89,False,True,True
433,CRYO MATERIALS,SUP-00433,11,4,0.75,False,True,True
434,CRYO ELECTRONICS,SUP-00434,14,6,0.70,False,True,True
435,CRYO TECHNOLOGIES,SUP-00435,3,4,0.74,False,True,True
436,CRYO PRECISION,SUP-00436,12,8,0.84,False,True,True
437,CRYO SYSTEMS,SUP-00437,23,3,0.62,False,True,True
438,CRYO SOLUTIONS,SUP-00438,12,6,0.88,False,True,True
439,CRYO INDUSTRIES,SUP-00439,14,4,0.73,False,True,True
440,CRYO MANUFACTURING,SUP-00440,12,10,0.71,False,True,True
441,FERRO SEMICONDUCTORS,SUP-00441,21,4,0.89,False,True,True
442,FERRO COMPONENTS,SUP-00442,9,11,0.79,False,True,True
443,FERRO MATERIALS,SUP-00443,1,7,0.70,False,True,True
444,FERRO ELECTRONICS,SUP-00444,18,5,0.77,False,True,True
445,FERRO TECHNOLOGIES,SUP-00445,16,4,0.79,False,True,True
446,FERRO PRECISION,SUP-00446,3,2,0.68,False,True,True
447,FERRO SYSTEMS,SUP-00447,22,11,0.80,False,True,True
448,FERRO SOLUTIONS,SUP-00448,10,10,0.73,False,True,True
449,FERRO INDUSTRIES,SUP-00449,21,10,0.89,False,True,True
450,FERRO MANUFACTURING,SUP-00450,3,10,0.87,False,True,True
451,AERO SEMICONDUCTORS,SUP-00451,1,3,0.80,False,True,True
452,AERO COMPONENTS,SUP-00452,3,2,0.62,False,True,True
453,AERO MATERIALS,SUP-00453,23,3,0.66,False,True,True
454,AERO ELECTRONICS,SUP-00454,22,5,0.96,False,True,True
455,AERO TECHNOLOGIES,SUP-00455,17,6,0.65,False,True,True
456,AERO PRECISION,SUP-00456,21,2,0.79,False,True,True
457,AERO SYSTEMS,SUP-00457,3,2,0.73,False,True,True
458,AERO SOLUTIONS,SUP-00458,23,1,0.73,False,True,True
459,AERO INDUSTRIES,SUP-00459,3,9,0.85,False,True,True
460,AERO MANUFACTURING,SUP-00460,24,7,0.87,False,True,True
461,HYDRO SEMICONDUCTORS,SUP-00461,5,7,0.90,False,True,True
462,HYDRO COMPONENTS,SUP-00462,13,7,0.68,False,True,True
463,HYDRO MATERIALS,SUP-00463,24,2,0.91,False,True,True
464,HYDRO ELECTRONICS,SUP-00464,18,1,0.77,False,True,True
465,HYDRO TECHNOLOGIES,SUP-00465,4,7,0.71,False,True,True
466,HYDRO PRECISION,SUP-00466,23,9,0.75,False,True,True
467,HYDRO SYSTEMS,SUP-00467,14,4,0.68,False,True,True
468,HYDRO SOLUTIONS,SUP-00468,21,6,0.96,False,True,True
469,HYDRO INDUSTRIES,SUP-00469,2,10,0.67,False,True,True
470,HYDRO MANUFACTURING,SUP-00470,23,3,0.63,False,True,True
471,ELECTRO SEMICONDUCTORS,SUP-00471,13,1,0.86,False,True,True
472,ELECTRO COMPONENTS,SUP-00472,23,1,0.80,False,True,True
473,ELECTRO MATERIALS,SUP-00473,23,6,0.85,False,True,True
474,ELECTRO ELECTRONICS,SUP-00474,14,10,0.99,False,True,True
475,ELECTRO TECHNOLOGIES,SUP-00475,7,7,0.68,False,True,True
476,ELECTRO PRECISION,SUP-00476,16,7,0.84,False,True,True
477,ELECTRO SYSTEMS,SUP-00477,18,7,0.70,False,True,True
478,ELECTRO SOLUTIONS,SUP-00478,6,5,0.84,False,True,True
479,ELECTRO INDUSTRIES,SUP-00479,19,5,0.74,False,True,True
480,ELECTRO MANUFACTURING,SUP-00480,5,8,0.76,False,True,True
481,MAGNETO SEMICONDUCTORS,SUP-00481,13,8,0.76,False,True,True
482,MAGNETO COMPONENTS,SUP-00482,11,8,0.92,False,True,True
483,MAGNETO MATERIALS,SUP-00483,20,12,0.72,False,True,True
484,MAGNETO ELECTRONICS,SUP-00484,21,5,0.72,False,True,True
485,MAGNETO TECHNOLOGIES,SUP-00485,10,9,0.85,False,True,True
486,MAGNETO PRECISION,SUP-00486,21,2,0.82,False,True,True
487,MAGNETO SYSTEMS,SUP-00487,19,9,0.98,False,True,True
488,MAGNETO SOLUTIONS,SUP-00488,10,5,0.75,False,True,True
489,MAGNETO INDUSTRIES,SUP-00489,13,8,0.77,False,True,True
490,MAGNETO MANUFACTURING,SUP-00490,9,8,0.74,False,True,True
491,PHOTON SEMICONDUCTORS,SUP-00491,2,7,0.99,False,True,True
492,PHOTON COMPONENTS,SUP-00492,18,11,0.92,False,True,True
493,PHOTON MATERIALS,SUP-00493,14,12,0.90,False,True,True
494,PHOTON ELECTRONICS,SUP-00494,3,7,0.73,False,True,True
495,PHOTON TECHNOLOGIES,SUP-00495,13,1,0.60,False,True,True
496,PHOTON PRECISION,SUP-00496,7,1,0.86,False,True,True
497,PHOTON SYSTEMS,SUP-00497,24,3,0.76,False,True,True
498,PHOTON SOLUTIONS,SUP-00498,6,12,0.92,False,True,True
499,PHOTON INDUSTRIES,SUP-00499,7,3,0.76,False,True,True
500,PHOTON MANUFACTURING,SUP-00500,3,1,0.68,False,True,True
