NCR_ID,INSPECTION_ID,SUPPLIER_ID,PART_ID,PLANT_ID,NCR_DATE,SEVERITY,ROOT_CAUSE,DISPOSITION,STATUS
1,4995,320,1733,9,2024-01-06,MINOR,Cracked substrate from shock,SCRAP,OPEN
2,1943,2,21507,12,2024-11-01,MAJOR,Unapproved substitution,RETURN,CLOSED
3,985,365,16348,1,2025-07-03,MINOR,Documentation mismatch,USE_AS_IS,OPEN
4,8059,55,15995,1,2023-04-12,MINOR,Wrong revision shipped,REWORK,CLOSED
5,6640,2,25591,10,2025-09-19,MINOR,Wrong revision shipped,SCRAP,CLOSED
6,3515,15,25248,7,2024-01-05,MAJOR,Unapproved substitution,RETURN,CLOSED
7,7108,123,9587,12,2023-12-19,MAJOR,Electrical test failure,RETURN,CLOSED
8,7390,2,26485,6,2026-08-30,CRITICAL,Dimensional out-of-spec,USE_AS_IS,CLOSED
9,2235,182,21875,9,2025-02-19,MINOR,Unapproved substitution,REWORK,CLOSED
10,4353,2,628,4,2024-07-30,MAJOR,Surface finish degradation,REWORK,CLOSED
11,9894,2,23207,5,2023-12-19,MINOR,Documentation mismatch,REWORK,CLOSED
12,1699,2,10595,1,2024-08-25,CRITICAL,Electrical test failure,REWORK,CLOSED
13,5024,3,25764,7,2024-10-06,CRITICAL,Solder joint defect,SCRAP,CLOSED
14,7061,4,20942,12,2024-04-09,MINOR,Solder joint defect,SCRAP,CLOSED
15,9661,318,4543,7,2024-08-23,MINOR,Dimensional out-of-spec,RETURN,CLOSED
16,1941,99,19552,12,2023-05-24,MINOR,Electrical test failure,REWORK,OPEN
17,9146,3,24883,12,2024-03-15,CRITICAL,Dimensional out-of-spec,SCRAP,CLOSED
18,954,428,1936,2,2025-03-06,CRITICAL,Documentation mismatch,RETURN,CLOSED
19,1271,2,26354,11,2025-04-09,MINOR,Cracked substrate from shock,USE_AS_IS,CLOSED
20,4971,79,6823,6,2025-11-27,CRITICAL,Unapproved substitution,USE_AS_IS,CLOSED
21,4414,267,6890,9,2024-12-20,MAJOR,Documentation mismatch,REWORK,CLOSED
22,6228,1,17386,11,2026-01-06,MAJOR,Solder joint defect,SCRAP,CLOSED
23,4366,360,14779,9,2024-12-12,MINOR,Electrical test failure,RETURN,CLOSED
24,7484,496,8917,3,2026-02-03,MAJOR,Wrong revision shipped,RETURN,CLOSED
25,1363,83,28571,6,2023-05-17,CRITICAL,Solder joint defect,USE_AS_IS,CLOSED
26,2392,401,5043,4,2024-04-25,MINOR,Wrong revision shipped,REWORK,CLOSED
27,2440,2,12611,10,2024-08-19,MINOR,Documentation mismatch,SCRAP,CLOSED
28,1344,361,15690,2,2026-04-09,CRITICAL,Material contamination,SCRAP,CLOSED
29,2010,3,14725,1,2023-09-06,CRITICAL,Dimensional out-of-spec,SCRAP,CLOSED
30,1403,124,27583,8,2025-08-14,MINOR,Dimensional out-of-spec,REWORK,CLOSED
31,8017,292,2274,10,2023-04-11,MAJOR,Electrical test failure,REWORK,CLOSED
32,2760,3,22263,7,2024-11-26,MAJOR,Wrong revision shipped,USE_AS_IS,CLOSED
33,16,3,21919,4,2024-06-24,MAJOR,ESD damage in shipping,USE_AS_IS,CLOSED
34,4758,244,27455,12,2024-11-21,MINOR,Wrong revision shipped,USE_AS_IS,CLOSED
35,3603,86,23940,10,2025-01-23,CRITICAL,Cracked substrate from shock,SCRAP,CLOSED
36,472,107,6830,3,2026-06-12,CRITICAL,ESD damage in shipping,USE_AS_IS,CLOSED
37,1265,52,280,10,2025-04-04,CRITICAL,Solder joint defect,SCRAP,CLOSED
38,5960,3,1836,4,2025-07-16,MINOR,Wrong revision shipped,RETURN,CLOSED
39,3420,1,11349,6,2023-12-31,CRITICAL,Cracked substrate from shock,RETURN,OPEN
40,35,55,29601,3,2024-09-05,CRITICAL,Surface finish degradation,USE_AS_IS,OPEN
41,8506,75,27990,9,2024-02-10,MINOR,Material contamination,SCRAP,CLOSED
42,8217,434,24261,2,2023-10-03,MINOR,Dimensional out-of-spec,REWORK,OPEN
43,2827,331,11784,6,2025-12-26,MINOR,Wrong revision shipped,REWORK,CLOSED
44,178,1,16987,5,2026-04-10,MINOR,Unapproved substitution,REWORK,CLOSED
45,4297,1,4857,3,2024-12-07,MINOR,Documentation mismatch,USE_AS_IS,CLOSED
46,7971,319,14788,7,2024-03-29,MINOR,Electrical test failure,SCRAP,CLOSED
47,6618,56,29248,7,2024-11-17,CRITICAL,Surface finish degradation,USE_AS_IS,CLOSED
48,2335,218,1619,10,2024-06-01,MAJOR,Wrong revision shipped,USE_AS_IS,CLOSED
49,1845,303,7329,9,2024-01-15,MINOR,Solder joint defect,USE_AS_IS,CLOSED
50,4558,2,14954,9,2024-11-23,CRITICAL,ESD damage in shipping,REWORK,CLOSED
51,9427,355,18396,7,2026-04-28,MINOR,Surface finish degradation,SCRAP,OPEN
52,9710,79,8069,2,2024-03-17,MINOR,Solder joint defect,RETURN,CLOSED
53,2401,33,24700,10,2023-11-16,MAJOR,Material contamination,USE_AS_IS,CLOSED
54,4519,10,8343,6,2026-05-13,MAJOR,Material contamination,REWORK,CLOSED
55,4207,425,5786,7,2025-01-03,CRITICAL,Wrong revision shipped,RETURN,CLOSED
56,6807,348,13473,4,2023-05-21,MINOR,Cracked substrate from shock,RETURN,CLOSED
57,4481,55,24247,8,2024-09-01,MAJOR,Material contamination,USE_AS_IS,CLOSED
58,5608,3,18761,2,2024-04-07,MINOR,Cracked substrate from shock,RETURN,CLOSED
59,9540,3,12445,10,2025-07-09,CRITICAL,Solder joint defect,RETURN,CLOSED
60,7290,267,9760,7,2024-04-20,CRITICAL,Unapproved substitution,RETURN,CLOSED
61,1137,82,24980,3,2024-06-21,MAJOR,ESD damage in shipping,REWORK,CLOSED
62,5275,147,23434,7,2024-09-22,MAJOR,Solder joint defect,REWORK,CLOSED
63,3631,151,19365,11,2023-12-02,MAJOR,Unapproved substitution,RETURN,CLOSED
64,7663,2,6108,2,2026-08-21,MINOR,Solder joint defect,SCRAP,CLOSED
65,5219,1,4185,1,2026-02-10,MINOR,Material contamination,REWORK,OPEN
66,5134,3,20035,4,2024-01-08,MINOR,Documentation mismatch,USE_AS_IS,CLOSED
67,5144,2,20725,3,2023-11-07,CRITICAL,ESD damage in shipping,REWORK,CLOSED
68,1321,448,26496,12,2024-04-13,MAJOR,Cracked substrate from shock,RETURN,CLOSED
69,8583,164,5910,6,2025-11-23,MAJOR,Material contamination,REWORK,CLOSED
70,9349,367,18039,12,2025-03-16,CRITICAL,Wrong revision shipped,RETURN,CLOSED
71,9564,326,19556,2,2024-10-22,CRITICAL,ESD damage in shipping,SCRAP,CLOSED
72,4251,379,25230,8,2024-02-08,MINOR,Wrong revision shipped,SCRAP,CLOSED
73,7140,1,14909,11,2026-03-26,MAJOR,Wrong revision shipped,RETURN,CLOSED
74,7985,1,18403,3,2026-06-28,MINOR,Solder joint defect,USE_AS_IS,CLOSED
75,7567,59,13252,1,2023-07-25,MINOR,ESD damage in shipping,SCRAP,CLOSED
76,1706,135,24119,6,2023-03-29,MAJOR,Solder joint defect,RETURN,CLOSED
77,5155,439,19385,3,2023-04-21,MINOR,Wrong revision shipped,USE_AS_IS,CLOSED
78,2617,391,3010,11,2025-04-02,MAJOR,ESD damage in shipping,REWORK,CLOSED
79,6884,196,5105,6,2025-02-06,MAJOR,ESD damage in shipping,USE_AS_IS,CLOSED
80,5724,130,257,10,2025-04-05,MAJOR,Cracked substrate from shock,SCRAP,CLOSED
81,617,345,8098,5,2026-04-30,MAJOR,ESD damage in shipping,RETURN,CLOSED
82,2817,3,16543,1,2026-02-13,MAJOR,Unapproved substitution,REWORK,CLOSED
83,3823,196,23620,6,2026-06-24,CRITICAL,Cracked substrate from shock,REWORK,CLOSED
84,2849,101,6179,9,2023-10-11,MINOR,Cracked substrate from shock,SCRAP,CLOSED
85,9111,2,7819,10,2024-04-25,MINOR,Documentation mismatch,SCRAP,CLOSED
86,2233,270,9128,3,2024-08-01,MAJOR,Dimensional out-of-spec,REWORK,OPEN
87,8115,493,15035,5,2023-07-20,MINOR,Dimensional out-of-spec,USE_AS_IS,CLOSED
88,6470,285,6416,6,2025-10-12,MAJOR,Wrong revision shipped,SCRAP,CLOSED
89,588,3,3702,10,2024-02-19,CRITICAL,Cracked substrate from shock,USE_AS_IS,CLOSED
90,6917,57,24728,5,2023-02-13,CRITICAL,Material contamination,USE_AS_IS,CLOSED
91,8463,422,17733,1,2026-02-12,MINOR,Cracked substrate from shock,RETURN,CLOSED
92,8498,465,27165,5,2025-05-22,MAJOR,Solder joint defect,USE_AS_IS,CLOSED
93,2986,121,21426,5,2025-01-06,MINOR,Wrong revision shipped,USE_AS_IS,CLOSED
94,3317,381,12774,1,2025-08-18,CRITICAL,Documentation mismatch,SCRAP,CLOSED
95,5431,437,723,7,2024-06-12,MAJOR,Dimensional out-of-spec,RETURN,CLOSED
96,2136,335,757,1,2024-04-07,MINOR,Electrical test failure,SCRAP,CLOSED
97,7024,68,24144,10,2025-05-09,MINOR,ESD damage in shipping,REWORK,CLOSED
98,4163,429,26606,8,2026-02-06,CRITICAL,Electrical test failure,SCRAP,CLOSED
99,6959,489,10648,3,2026-02-23,MAJOR,Wrong revision shipped,USE_AS_IS,OPEN
100,6210,3,19110,12,2025-04-25,MINOR,Material contamination,SCRAP,CLOSED
101,9985,281,23489,8,2025-12-05,MINOR,Solder joint defect,SCRAP,CLOSED
102,6343,198,28939,8,2024-02-15,MAJOR,Unapproved substitution,USE_AS_IS,OPEN
103,7627,85,14869,1,2026-08-25,CRITICAL,Cracked substrate from shock,REWORK,CLOSED
104,8807,1,2271,4,2025-03-10,CRITICAL,Documentation mismatch,USE_AS_IS,CLOSED
105,2302,1,14786,5,2023-10-20,MAJOR,Documentation mismatch,REWORK,OPEN
106,9707,1,29026,11,2026-02-16,MAJOR,Solder joint defect,USE_AS_IS,CLOSED
107,148,321,25709,8,2025-05-31,CRITICAL,Cracked substrate from shock,USE_AS_IS,CLOSED
108,6461,3,25530,5,2025-05-21,MAJOR,Dimensional out-of-spec,REWORK,CLOSED
109,490,14,5182,3,2026-03-22,MAJOR,Documentation mismatch,RETURN,CLOSED
110,2423,449,3647,9,2023-11-20,MAJOR,Solder joint defect,SCRAP,CLOSED
111,1197,407,14805,11,2023-01-10,MAJOR,Material contamination,USE_AS_IS,CLOSED
112,412,395,9987,5,2025-05-06,MINOR,Cracked substrate from shock,REWORK,CLOSED
113,5881,46,8124,10,2025-04-19,MINOR,Cracked substrate from shock,RETURN,CLOSED
114,2026,349,13191,4,2025-12-23,MAJOR,Solder joint defect,REWORK,CLOSED
115,5240,401,28479,2,2025-12-19,MAJOR,Material contamination,USE_AS_IS,CLOSED
116,400,355,2895,2,2026-06-29,CRITICAL,Unapproved substitution,USE_AS_IS,CLOSED
117,8169,294,8884,5,2023-01-17,MINOR,Dimensional out-of-spec,RETURN,CLOSED
118,2014,77,28069,5,2025-05-21,MAJOR,Unapproved substitution,RETURN,CLOSED
119,8822,489,19121,2,2026-02-11,CRITICAL,Dimensional out-of-spec,SCRAP,CLOSED
120,5659,376,10401,1,2024-02-01,MAJOR,ESD damage in shipping,USE_AS_IS,CLOSED
121,116,115,20485,7,2025-08-16,CRITICAL,Documentation mismatch,USE_AS_IS,CLOSED
122,7056,240,28533,8,2026-01-03,MAJOR,Wrong revision shipped,SCRAP,CLOSED
123,1774,217,2683,10,2023-07-21,MAJOR,Solder joint defect,USE_AS_IS,CLOSED
124,1799,182,10653,6,2025-12-29,MAJOR,Wrong revision shipped,SCRAP,CLOSED
125,1048,484,11676,10,2024-07-08,MINOR,Electrical test failure,SCRAP,CLOSED
126,9783,1,17148,3,2026-09-16,MAJOR,Electrical test failure,RETURN,OPEN
127,1774,125,6112,10,2026-01-11,CRITICAL,Electrical test failure,REWORK,CLOSED
128,7294,3,23274,8,2024-12-31,CRITICAL,Material contamination,REWORK,CLOSED
129,8151,212,22420,12,2025-06-21,CRITICAL,Solder joint defect,SCRAP,CLOSED
130,8180,231,19960,12,2026-02-28,MINOR,Surface finish degradation,SCRAP,CLOSED
131,480,1,25131,12,2023-02-28,CRITICAL,Wrong revision shipped,USE_AS_IS,CLOSED
132,6373,81,2554,9,2026-08-20,MINOR,Wrong revision shipped,USE_AS_IS,CLOSED
133,2238,479,16235,5,2023-06-15,MAJOR,Electrical test failure,USE_AS_IS,CLOSED
134,1896,140,24581,6,2025-09-07,MAJOR,Material contamination,REWORK,CLOSED
135,7076,483,21830,8,2023-06-30,MAJOR,Dimensional out-of-spec,REWORK,CLOSED
136,9385,498,4646,3,2024-12-25,MINOR,Solder joint defect,RETURN,CLOSED
137,1027,2,29721,10,2024-08-06,CRITICAL,Electrical test failure,USE_AS_IS,CLOSED
138,9593,90,8721,8,2025-11-24,CRITICAL,Solder joint defect,REWORK,CLOSED
139,7612,484,2567,8,2024-11-27,MAJOR,Electrical test failure,SCRAP,CLOSED
140,8259,3,21042,6,2025-03-10,MAJOR,Electrical test failure,SCRAP,CLOSED
141,2526,313,21563,1,2026-01-24,MAJOR,Surface finish degradation,SCRAP,CLOSED
142,9862,497,16546,7,2023-10-05,MINOR,ESD damage in shipping,USE_AS_IS,OPEN
143,3096,496,7922,2,2024-02-15,MINOR,Material contamination,SCRAP,CLOSED
144,9438,143,27538,8,2026-03-19,MAJOR,Documentation mismatch,RETURN,CLOSED
145,4238,175,8217,5,2024-02-08,MAJOR,Documentation mismatch,REWORK,OPEN
146,7923,458,25459,10,2025-05-14,MAJOR,Material contamination,RETURN,OPEN
147,707,369,16721,4,2025-12-15,CRITICAL,Electrical test failure,RETURN,CLOSED
148,4747,1,23176,4,2023-07-10,CRITICAL,Material contamination,RETURN,CLOSED
149,9167,75,28695,4,2023-05-03,CRITICAL,Cracked substrate from shock,SCRAP,CLOSED
150,2283,399,8854,2,2024-07-03,MINOR,Cracked substrate from shock,RETURN,CLOSED
151,2554,1,3520,3,2024-02-18,MINOR,Electrical test failure,SCRAP,CLOSED
152,8545,131,229,8,2026-02-25,MAJOR,Dimensional out-of-spec,USE_AS_IS,OPEN
153,1268,34,27264,1,2023-10-23,MINOR,Surface finish degradation,RETURN,CLOSED
154,3743,126,3212,11,2023-03-14,MAJOR,Surface finish degradation,REWORK,CLOSED
155,6496,234,89,11,2026-09-15,MINOR,Electrical test failure,SCRAP,CLOSED
156,2315,118,9916,3,2026-09-20,CRITICAL,Material contamination,USE_AS_IS,CLOSED
157,4636,219,8174,10,2025-09-23,MINOR,Cracked substrate from shock,SCRAP,CLOSED
158,5211,120,5864,5,2024-08-22,CRITICAL,Surface finish degradation,SCRAP,CLOSED
159,8939,3,23727,5,2023-04-15,MAJOR,Solder joint defect,RETURN,CLOSED
160,7773,1,7053,5,2026-03-07,MINOR,Cracked substrate from shock,RETURN,CLOSED
161,3325,97,14301,9,2024-08-04,MINOR,Wrong revision shipped,RETURN,CLOSED
162,7621,8,20516,9,2026-08-10,MINOR,Cracked substrate from shock,RETURN,CLOSED
163,6990,74,4726,5,2024-01-23,MINOR,Wrong revision shipped,USE_AS_IS,CLOSED
164,3183,2,27209,9,2023-05-01,MINOR,Documentation mismatch,USE_AS_IS,CLOSED
165,662,1,6087,12,2025-07-29,CRITICAL,Electrical test failure,RETURN,CLOSED
166,3805,271,14512,3,2023-05-04,MAJOR,Dimensional out-of-spec,USE_AS_IS,CLOSED
167,1201,225,13685,10,2025-01-19,MINOR,Cracked substrate from shock,RETURN,CLOSED
168,8180,250,5394,5,2025-08-02,MAJOR,Solder joint defect,USE_AS_IS,CLOSED
169,5458,65,9585,1,2025-05-29,MINOR,Documentation mismatch,REWORK,CLOSED
170,7732,2,9187,8,2025-01-27,CRITICAL,Unapproved substitution,RETURN,CLOSED
171,1363,1,16040,12,2023-07-12,CRITICAL,Solder joint defect,SCRAP,OPEN
172,8599,80,23676,7,2026-05-26,MAJOR,Surface finish degradation,RETURN,CLOSED
173,9525,3,21615,8,2025-10-29,CRITICAL,Electrical test failure,REWORK,CLOSED
174,6354,455,732,2,2026-06-19,MAJOR,Unapproved substitution,SCRAP,CLOSED
175,6506,159,16587,12,2023-05-31,CRITICAL,Unapproved substitution,REWORK,CLOSED
176,1965,356,19905,6,2025-06-04,MAJOR,Surface finish degradation,SCRAP,CLOSED
177,9932,3,1709,5,2026-05-29,MINOR,Unapproved substitution,USE_AS_IS,CLOSED
178,2545,210,19465,1,2024-02-22,MINOR,Wrong revision shipped,SCRAP,CLOSED
179,8360,339,249,9,2026-07-03,CRITICAL,Material contamination,REWORK,CLOSED
180,2892,137,12986,11,2025-12-17,MINOR,Documentation mismatch,USE_AS_IS,CLOSED
181,446,380,13589,11,2023-09-19,CRITICAL,Dimensional out-of-spec,RETURN,CLOSED
182,9975,271,13868,5,2023-07-08,CRITICAL,Unapproved substitution,REWORK,OPEN
183,7660,2,15491,11,2024-12-26,CRITICAL,Wrong revision shipped,REWORK,CLOSED
184,3592,1,22129,7,2023-01-01,MAJOR,Material contamination,USE_AS_IS,CLOSED
185,1890,1,20501,6,2025-09-19,MINOR,Surface finish degradation,REWORK,CLOSED
186,8950,1,14735,4,2024-06-22,MAJOR,Solder joint defect,USE_AS_IS,CLOSED
187,7546,1,27352,5,2025-08-30,MINOR,Solder joint defect,RETURN,CLOSED
188,2892,2,23944,10,2025-06-15,CRITICAL,Dimensional out-of-spec,REWORK,CLOSED
189,4524,342,11387,3,2023-08-10,CRITICAL,Documentation mismatch,REWORK,CLOSED
190,3945,1,13540,5,2024-10-21,CRITICAL,Wrong revision shipped,SCRAP,CLOSED
191,6439,423,2782,8,2023-02-28,CRITICAL,Dimensional out-of-spec,SCRAP,CLOSED
192,9359,115,18941,2,2023-05-17,MAJOR,Dimensional out-of-spec,USE_AS_IS,CLOSED
193,5811,484,28296,7,2025-07-07,MINOR,Dimensional out-of-spec,USE_AS_IS,CLOSED
194,3701,1,25629,2,2026-03-19,MAJOR,Material contamination,USE_AS_IS,CLOSED
195,3433,129,9267,8,2024-11-02,MINOR,Cracked substrate from shock,REWORK,CLOSED
196,5779,183,8171,10,2023-04-06,MINOR,Cracked substrate from shock,SCRAP,OPEN
197,3799,346,11015,4,2024-08-02,MAJOR,Cracked substrate from shock,USE_AS_IS,CLOSED
198,5038,3,25789,2,2023-12-22,MAJOR,Material contamination,SCRAP,CLOSED
199,3290,1,20893,4,2024-03-12,MINOR,Electrical test failure,USE_AS_IS,CLOSED
200,9602,3,17525,2,2025-05-19,CRITICAL,Unapproved substitution,REWORK,CLOSED
201,3570,1,10461,6,2025-10-14,CRITICAL,Dimensional out-of-spec,USE_AS_IS,CLOSED
202,9722,170,1026,9,2023-02-12,CRITICAL,Documentation mismatch,RETURN,OPEN
203,441,162,880,7,2023-03-29,MAJOR,Surface finish degradation,REWORK,CLOSED
204,7537,3,27994,9,2024-08-22,MINOR,Documentation mismatch,REWORK,CLOSED
205,5660,345,1542,5,2025-08-01,MAJOR,Material contamination,REWORK,CLOSED
206,4372,1,28756,9,2026-06-30,MINOR,Electrical test failure,USE_AS_IS,CLOSED
207,5818,211,16036,2,2023-08-01,MINOR,Surface finish degradation,USE_AS_IS,CLOSED
208,4819,1,8748,11,2023-02-23,MINOR,Material contamination,SCRAP,CLOSED
209,859,351,12017,6,2024-01-18,MAJOR,Surface finish degradation,REWORK,CLOSED
210,336,62,1294,9,2023-10-01,CRITICAL,Solder joint defect,REWORK,CLOSED
211,7671,2,2956,7,2025-06-22,MAJOR,Solder joint defect,SCRAP,OPEN
212,4378,1,21459,3,2026-08-25,MAJOR,Unapproved substitution,SCRAP,OPEN
213,8408,2,27554,10,2026-05-23,CRITICAL,Dimensional out-of-spec,RETURN,CLOSED
214,8447,454,8820,1,2025-12-15,MINOR,Surface finish degradation,RETURN,CLOSED
215,6594,254,13400,9,2023-01-17,MAJOR,Solder joint defect,SCRAP,CLOSED
216,6013,290,16920,11,2024-06-20,MAJOR,Surface finish degradation,RETURN,CLOSED
217,399,278,19932,9,2026-02-28,CRITICAL,Documentation mismatch,RETURN,CLOSED
218,5435,1,20769,12,2023-05-28,CRITICAL,Unapproved substitution,RETURN,CLOSED
219,339,1,14420,11,2025-10-05,MAJOR,Surface finish degradation,SCRAP,CLOSED
220,5228,172,23930,3,2026-05-07,CRITICAL,Material contamination,USE_AS_IS,CLOSED
221,5636,309,1999,11,2025-02-25,MINOR,ESD damage in shipping,REWORK,CLOSED
222,1281,268,1951,7,2025-06-21,CRITICAL,Material contamination,SCRAP,CLOSED
223,1936,253,7935,9,2024-08-03,MAJOR,Documentation mismatch,REWORK,OPEN
224,5352,2,14394,10,2026-04-13,CRITICAL,Documentation mismatch,SCRAP,CLOSED
225,3154,186,12489,11,2025-12-13,MINOR,Documentation mismatch,REWORK,CLOSED
226,6977,323,15391,8,2026-05-02,MAJOR,Documentation mismatch,REWORK,CLOSED
227,5620,424,1018,2,2026-09-22,CRITICAL,Unapproved substitution,USE_AS_IS,CLOSED
228,8629,382,21371,3,2025-03-08,CRITICAL,Documentation mismatch,REWORK,CLOSED
229,1552,335,10376,8,2023-08-06,CRITICAL,Wrong revision shipped,REWORK,CLOSED
230,7198,21,10173,5,2026-03-25,MAJOR,Solder joint defect,SCRAP,CLOSED
231,6929,144,3768,10,2024-10-25,MAJOR,Wrong revision shipped,RETURN,CLOSED
232,4120,105,13781,7,2026-02-09,MINOR,Documentation mismatch,SCRAP,CLOSED
233,7248,178,26730,6,2025-07-27,MINOR,Dimensional out-of-spec,USE_AS_IS,CLOSED
234,2630,16,2420,10,2024-12-12,MAJOR,Surface finish degradation,REWORK,CLOSED
235,8467,3,6327,4,2024-01-26,MINOR,Wrong revision shipped,SCRAP,CLOSED
236,4910,278,18270,10,2023-09-08,MAJOR,Surface finish degradation,RETURN,CLOSED
237,3067,448,18328,8,2023-04-07,MAJOR,Unapproved substitution,RETURN,CLOSED
238,9166,384,26294,5,2024-07-02,MINOR,Surface finish degradation,REWORK,CLOSED
239,4478,2,4226,11,2023-02-10,MAJOR,Electrical test failure,RETURN,CLOSED
240,6409,391,4246,5,2026-05-22,CRITICAL,Wrong revision shipped,SCRAP,OPEN
241,5716,2,20192,11,2025-09-19,CRITICAL,Dimensional out-of-spec,REWORK,CLOSED
242,6701,254,8343,12,2024-08-31,MAJOR,Solder joint defect,SCRAP,CLOSED
243,3885,76,5058,7,2026-04-22,MINOR,Solder joint defect,USE_AS_IS,CLOSED
244,266,182,23297,3,2024-07-20,MINOR,Surface finish degradation,REWORK,CLOSED
245,3859,460,13463,6,2025-02-08,MINOR,Surface finish degradation,USE_AS_IS,CLOSED
246,3976,2,20095,6,2024-08-09,MAJOR,Surface finish degradation,REWORK,CLOSED
247,6810,454,15146,1,2024-04-17,MAJOR,Electrical test failure,RETURN,CLOSED
248,6714,1,16376,9,2025-02-15,CRITICAL,Dimensional out-of-spec,SCRAP,CLOSED
249,9279,2,25363,3,2023-08-01,MINOR,Dimensional out-of-spec,REWORK,CLOSED
250,4760,2,20604,3,2026-05-13,CRITICAL,Solder joint defect,RETURN,OPEN
251,4528,46,3913,4,2025-12-27,MAJOR,Electrical test failure,REWORK,CLOSED
252,4900,3,20677,6,2024-01-03,MAJOR,Dimensional out-of-spec,RETURN,CLOSED
253,6767,2,19715,7,2026-07-09,CRITICAL,Dimensional out-of-spec,SCRAP,CLOSED
254,4095,239,14130,5,2026-06-02,CRITICAL,Wrong revision shipped,RETURN,OPEN
255,9101,3,17665,4,2026-04-19,MAJOR,Documentation mismatch,SCRAP,CLOSED
256,7567,143,16881,6,2026-08-06,MINOR,Documentation mismatch,SCRAP,CLOSED
257,7944,423,5657,10,2024-01-02,MINOR,Unapproved substitution,REWORK,CLOSED
258,3267,1,8056,3,2024-08-21,CRITICAL,ESD damage in shipping,USE_AS_IS,CLOSED
259,7896,415,11337,8,2025-12-05,CRITICAL,Cracked substrate from shock,SCRAP,CLOSED
260,3715,205,27125,3,2024-04-03,MINOR,Wrong revision shipped,RETURN,CLOSED
261,4132,2,25150,6,2023-10-29,MINOR,ESD damage in shipping,SCRAP,CLOSED
262,7171,148,14622,8,2024-08-24,MINOR,Material contamination,REWORK,CLOSED
263,6926,308,13650,4,2024-07-14,CRITICAL,Surface finish degradation,SCRAP,CLOSED
264,2754,247,24969,6,2026-04-21,MAJOR,Solder joint defect,USE_AS_IS,CLOSED
265,5274,178,27265,6,2023-07-28,CRITICAL,Dimensional out-of-spec,REWORK,CLOSED
266,2174,392,26536,11,2026-06-05,MAJOR,Surface finish degradation,SCRAP,OPEN
267,7179,2,7871,5,2026-04-27,MINOR,Cracked substrate from shock,RETURN,CLOSED
268,8227,1,14869,4,2026-04-13,CRITICAL,Electrical test failure,USE_AS_IS,CLOSED
269,948,435,20379,3,2025-07-28,MINOR,Dimensional out-of-spec,USE_AS_IS,CLOSED
270,8823,474,20913,4,2023-10-08,CRITICAL,Cracked substrate from shock,USE_AS_IS,CLOSED
271,7379,469,27678,2,2026-04-09,CRITICAL,Electrical test failure,SCRAP,CLOSED
272,8553,443,10320,2,2023-04-30,MAJOR,Material contamination,REWORK,CLOSED
273,2809,322,707,4,2025-02-25,MINOR,ESD damage in shipping,SCRAP,CLOSED
274,3316,68,796,11,2023-04-26,MAJOR,Cracked substrate from shock,REWORK,CLOSED
275,4861,73,16433,11,2026-01-29,MINOR,Surface finish degradation,RETURN,CLOSED
276,5551,158,13184,11,2025-12-22,MAJOR,Cracked substrate from shock,REWORK,OPEN
277,2559,2,18956,12,2025-05-17,MAJOR,Surface finish degradation,REWORK,CLOSED
278,5440,476,4782,6,2023-09-07,CRITICAL,ESD damage in shipping,REWORK,CLOSED
279,8056,412,8074,8,2025-05-01,MAJOR,Electrical test failure,RETURN,CLOSED
280,9560,2,15608,4,2026-05-22,MINOR,Documentation mismatch,RETURN,OPEN
281,4918,298,20830,6,2024-01-29,CRITICAL,Solder joint defect,RETURN,CLOSED
282,3796,3,15759,12,2024-05-07,CRITICAL,Material contamination,REWORK,CLOSED
283,3039,387,27084,10,2024-05-25,MINOR,Solder joint defect,SCRAP,OPEN
284,8356,234,15912,2,2026-06-15,MINOR,Dimensional out-of-spec,USE_AS_IS,CLOSED
285,8966,3,26579,10,2024-09-03,CRITICAL,Surface finish degradation,USE_AS_IS,CLOSED
286,6062,305,24887,3,2024-04-25,CRITICAL,Wrong revision shipped,RETURN,CLOSED
287,9255,466,29527,8,2023-01-28,MAJOR,Surface finish degradation,SCRAP,CLOSED
288,7080,481,7907,8,2023-04-14,CRITICAL,Material contamination,USE_AS_IS,OPEN
289,7907,204,5677,7,2026-03-20,MINOR,Documentation mismatch,USE_AS_IS,CLOSED
290,3972,3,2287,11,2025-07-19,CRITICAL,Dimensional out-of-spec,USE_AS_IS,CLOSED
291,4362,2,16810,4,2024-02-08,CRITICAL,Material contamination,SCRAP,CLOSED
292,4581,27,21875,2,2023-06-14,MINOR,Cracked substrate from shock,SCRAP,CLOSED
293,5412,353,4194,6,2024-04-09,MAJOR,Cracked substrate from shock,USE_AS_IS,CLOSED
294,6806,273,25283,12,2026-08-26,MINOR,Unapproved substitution,RETURN,CLOSED
295,6060,436,6785,11,2026-06-03,MINOR,Material contamination,RETURN,CLOSED
296,2766,265,25615,4,2023-07-06,CRITICAL,Surface finish degradation,USE_AS_IS,CLOSED
297,2633,446,24710,7,2024-10-29,CRITICAL,Solder joint defect,SCRAP,CLOSED
298,9243,2,14370,5,2025-12-14,MAJOR,Wrong revision shipped,RETURN,CLOSED
299,3835,127,20163,11,2025-05-09,CRITICAL,Wrong revision shipped,USE_AS_IS,CLOSED
300,9618,156,8735,1,2024-09-19,MINOR,Electrical test failure,USE_AS_IS,OPEN
301,2483,487,28381,5,2026-09-24,MINOR,Electrical test failure,USE_AS_IS,CLOSED
302,9247,2,25048,6,2023-10-01,CRITICAL,Surface finish degradation,RETURN,CLOSED
303,4056,166,1528,4,2025-11-30,CRITICAL,Material contamination,RETURN,OPEN
304,984,76,14290,10,2026-08-19,CRITICAL,Dimensional out-of-spec,RETURN,CLOSED
305,8303,304,8975,9,2024-04-08,MAJOR,Material contamination,SCRAP,CLOSED
306,9838,133,19374,1,2023-01-06,CRITICAL,Electrical test failure,SCRAP,CLOSED
307,9448,147,17385,12,2026-08-10,MINOR,Unapproved substitution,USE_AS_IS,CLOSED
308,7154,2,6575,8,2024-04-06,MAJOR,Surface finish degradation,SCRAP,CLOSED
309,1679,465,14881,9,2026-06-23,MAJOR,Unapproved substitution,SCRAP,CLOSED
310,2494,432,11620,3,2024-07-10,CRITICAL,Wrong revision shipped,RETURN,CLOSED
311,2480,456,11668,12,2023-07-12,MINOR,Surface finish degradation,USE_AS_IS,CLOSED
312,9857,322,528,1,2024-08-26,MAJOR,Unapproved substitution,REWORK,CLOSED
313,7866,2,4447,1,2024-12-30,CRITICAL,Unapproved substitution,SCRAP,CLOSED
314,7698,442,19105,3,2026-04-20,MAJOR,Material contamination,REWORK,OPEN
315,5495,396,13006,9,2023-01-21,MAJOR,Material contamination,SCRAP,OPEN
316,5483,196,7106,1,2023-02-14,MAJOR,Material contamination,REWORK,CLOSED
317,7292,354,17748,6,2025-06-15,MAJOR,ESD damage in shipping,RETURN,CLOSED
318,4791,2,14048,11,2026-07-06,MINOR,Solder joint defect,USE_AS_IS,OPEN
319,4134,56,6692,7,2024-05-21,CRITICAL,Electrical test failure,RETURN,CLOSED
320,5782,356,17949,2,2024-09-01,MAJOR,Electrical test failure,USE_AS_IS,CLOSED
321,6508,278,13741,4,2025-05-30,MAJOR,Cracked substrate from shock,RETURN,CLOSED
322,6159,480,20663,10,2023-05-09,CRITICAL,Electrical test failure,USE_AS_IS,OPEN
323,7171,3,2986,12,2024-02-05,MAJOR,Wrong revision shipped,REWORK,CLOSED
324,7108,133,10990,8,2026-02-20,MINOR,Material contamination,USE_AS_IS,CLOSED
325,9127,159,9550,7,2023-01-31,MINOR,Material contamination,SCRAP,CLOSED
326,6225,2,21222,9,2026-06-15,CRITICAL,Documentation mismatch,REWORK,CLOSED
327,5893,115,2474,9,2023-08-27,MINOR,Wrong revision shipped,SCRAP,CLOSED
328,4309,3,27838,3,2023-09-03,MAJOR,Electrical test failure,SCRAP,CLOSED
329,2838,2,12439,2,2025-12-27,MINOR,Electrical test failure,SCRAP,CLOSED
330,1302,3,19318,10,2023-07-31,MAJOR,Wrong revision shipped,REWORK,CLOSED
331,7888,217,12662,11,2025-12-28,MINOR,Surface finish degradation,RETURN,CLOSED
332,3586,151,1505,1,2026-03-30,MAJOR,Unapproved substitution,SCRAP,CLOSED
333,1404,216,22741,3,2025-08-09,CRITICAL,Solder joint defect,RETURN,OPEN
334,8952,137,24797,10,2026-01-03,MAJOR,Material contamination,RETURN,CLOSED
335,26,171,28516,7,2023-10-03,CRITICAL,Surface finish degradation,USE_AS_IS,CLOSED
336,1059,254,25411,6,2025-04-23,MINOR,Surface finish degradation,RETURN,CLOSED
337,972,433,1967,12,2024-10-14,CRITICAL,Cracked substrate from shock,RETURN,CLOSED
338,487,460,16952,7,2025-04-30,CRITICAL,Unapproved substitution,REWORK,OPEN
339,4600,1,9526,2,2023-05-18,MINOR,Unapproved substitution,SCRAP,CLOSED
340,8970,263,22598,10,2023-06-17,MAJOR,Electrical test failure,REWORK,CLOSED
341,1126,108,1158,10,2025-08-04,CRITICAL,Documentation mismatch,REWORK,CLOSED
342,2165,427,19477,7,2024-05-10,CRITICAL,ESD damage in shipping,RETURN,CLOSED
343,4625,2,10356,12,2025-06-24,MINOR,Material contamination,SCRAP,OPEN
344,8680,1,22283,4,2025-10-18,MAJOR,Cracked substrate from shock,RETURN,CLOSED
345,4,2,28237,7,2026-04-16,CRITICAL,Wrong revision shipped,REWORK,CLOSED
346,3028,456,19761,11,2025-06-23,MINOR,Surface finish degradation,USE_AS_IS,CLOSED
347,117,101,5886,5,2025-09-13,CRITICAL,Cracked substrate from shock,REWORK,CLOSED
348,6631,2,682,8,2023-01-01,MINOR,Documentation mismatch,USE_AS_IS,CLOSED
349,338,493,18044,12,2025-01-26,CRITICAL,Solder joint defect,USE_AS_IS,CLOSED
350,9126,285,27716,12,2023-06-05,CRITICAL,Surface finish degradation,SCRAP,CLOSED
351,424,92,25844,6,2026-04-29,CRITICAL,Wrong revision shipped,USE_AS_IS,CLOSED
352,6073,2,12256,7,2025-03-08,MAJOR,Dimensional out-of-spec,RETURN,CLOSED
353,8686,359,806,12,2023-02-25,MAJOR,Electrical test failure,SCRAP,CLOSED
354,2412,2,10210,12,2023-04-04,MAJOR,Dimensional out-of-spec,REWORK,CLOSED
355,7578,413,11049,5,2023-07-18,MINOR,Unapproved substitution,USE_AS_IS,CLOSED
356,1618,244,16643,5,2023-03-29,MAJOR,Material contamination,RETURN,OPEN
357,8232,242,12951,3,2024-11-05,MINOR,Surface finish degradation,REWORK,OPEN
358,1517,3,1271,1,2026-01-09,MAJOR,Solder joint defect,USE_AS_IS,OPEN
359,2943,391,447,2,2023-06-12,CRITICAL,Unapproved substitution,SCRAP,CLOSED
360,6895,165,4566,3,2025-01-25,CRITICAL,Wrong revision shipped,SCRAP,OPEN
361,2228,2,25073,12,2025-08-28,CRITICAL,ESD damage in shipping,RETURN,OPEN
362,3636,305,25507,8,2025-04-15,MINOR,Dimensional out-of-spec,RETURN,CLOSED
363,1024,213,1901,10,2024-07-25,MINOR,Cracked substrate from shock,SCRAP,CLOSED
364,5242,353,4470,11,2023-08-25,MAJOR,Electrical test failure,RETURN,CLOSED
365,8711,3,7383,10,2024-07-27,MAJOR,Dimensional out-of-spec,USE_AS_IS,CLOSED
366,6255,217,8174,5,2023-05-15,MINOR,Documentation mismatch,SCRAP,CLOSED
367,4372,68,23062,3,2026-08-15,MINOR,Solder joint defect,USE_AS_IS,CLOSED
368,4527,2,14572,8,2025-08-07,MINOR,Electrical test failure,SCRAP,CLOSED
369,1208,13,26273,8,2024-09-08,MINOR,Dimensional out-of-spec,RETURN,CLOSED
370,4954,2,22711,7,2026-06-10,MAJOR,Dimensional out-of-spec,REWORK,CLOSED
371,1283,2,21613,5,2023-01-15,MAJOR,Electrical test failure,SCRAP,CLOSED
372,6332,3,5325,4,2025-01-11,CRITICAL,Material contamination,RETURN,CLOSED
373,3188,2,26739,6,2023-05-23,CRITICAL,Material contamination,REWORK,CLOSED
374,864,64,22668,10,2024-10-29,MINOR,Material contamination,SCRAP,CLOSED
375,2894,3,8476,5,2025-02-28,MAJOR,Unapproved substitution,SCRAP,CLOSED
376,5675,2,13204,11,2025-07-13,CRITICAL,Wrong revision shipped,USE_AS_IS,CLOSED
377,6906,1,24240,6,2025-01-20,MAJOR,Electrical test failure,REWORK,CLOSED
378,7208,2,12612,3,2026-03-10,CRITICAL,Solder joint defect,USE_AS_IS,CLOSED
379,677,3,28734,10,2024-05-21,MINOR,Electrical test failure,REWORK,CLOSED
380,5589,370,580,5,2023-05-28,MINOR,Wrong revision shipped,USE_AS_IS,OPEN
381,645,106,25166,9,2023-10-14,MINOR,Dimensional out-of-spec,RETURN,CLOSED
382,521,3,3010,11,2026-05-09,CRITICAL,Documentation mismatch,USE_AS_IS,CLOSED
383,6463,207,10082,5,2025-07-13,CRITICAL,Dimensional out-of-spec,USE_AS_IS,CLOSED
384,8095,430,27338,8,2024-11-24,MAJOR,Surface finish degradation,SCRAP,CLOSED
385,6036,1,1476,2,2023-03-12,MAJOR,Unapproved substitution,SCRAP,CLOSED
386,9524,2,2770,3,2024-01-20,MAJOR,Cracked substrate from shock,REWORK,CLOSED
387,9621,212,11308,9,2025-05-13,CRITICAL,Material contamination,REWORK,CLOSED
388,7178,166,15701,10,2024-10-11,CRITICAL,Cracked substrate from shock,REWORK,CLOSED
389,3379,341,1234,4,2025-06-17,MINOR,Material contamination,SCRAP,CLOSED
390,6460,253,17862,7,2023-08-12,CRITICAL,Material contamination,RETURN,CLOSED
391,3995,177,16850,12,2024-07-24,CRITICAL,Cracked substrate from shock,REWORK,CLOSED
392,8404,23,25902,12,2023-01-24,MINOR,ESD damage in shipping,USE_AS_IS,OPEN
393,8206,478,16129,3,2024-03-31,MAJOR,Material contamination,REWORK,CLOSED
394,8784,1,17542,1,2024-02-17,MINOR,Dimensional out-of-spec,SCRAP,CLOSED
395,2010,466,10686,2,2025-11-09,CRITICAL,Wrong revision shipped,RETURN,CLOSED
396,6971,78,1887,2,2023-06-11,MINOR,Surface finish degradation,SCRAP,CLOSED
397,6018,317,20436,5,2023-03-07,MINOR,ESD damage in shipping,USE_AS_IS,CLOSED
398,156,444,14014,7,2025-04-30,MINOR,Surface finish degradation,USE_AS_IS,OPEN
399,8733,261,15920,11,2025-07-06,MAJOR,Material contamination,REWORK,CLOSED
400,4144,3,24138,8,2026-06-09,CRITICAL,Dimensional out-of-spec,REWORK,CLOSED
401,6747,1,25161,1,2025-05-10,CRITICAL,Material contamination,USE_AS_IS,CLOSED
402,7757,3,8892,10,2024-12-01,MINOR,Wrong revision shipped,RETURN,CLOSED
403,5542,205,7355,5,2025-08-27,MINOR,Dimensional out-of-spec,SCRAP,CLOSED
404,1450,3,20416,7,2026-03-03,CRITICAL,Cracked substrate from shock,REWORK,CLOSED
405,7435,276,19847,3,2024-10-12,MINOR,Cracked substrate from shock,RETURN,CLOSED
406,9551,2,11346,3,2024-12-29,MINOR,Wrong revision shipped,USE_AS_IS,CLOSED
407,5270,378,4597,6,2023-11-13,CRITICAL,Surface finish degradation,REWORK,CLOSED
408,4477,337,15374,9,2025-09-03,MINOR,Material contamination,SCRAP,CLOSED
409,3037,21,29452,7,2024-01-22,MAJOR,Surface finish degradation,RETURN,CLOSED
410,5487,3,7913,11,2026-07-04,MINOR,Wrong revision shipped,RETURN,CLOSED
411,670,296,29840,4,2024-03-27,CRITICAL,Material contamination,USE_AS_IS,CLOSED
412,7253,47,18772,2,2026-05-23,MAJOR,Surface finish degradation,REWORK,CLOSED
413,6486,125,18351,9,2023-05-23,MINOR,Documentation mismatch,RETURN,CLOSED
414,8625,392,10943,7,2024-05-30,CRITICAL,Cracked substrate from shock,USE_AS_IS,CLOSED
415,762,364,22575,1,2025-12-19,CRITICAL,Wrong revision shipped,USE_AS_IS,CLOSED
416,8564,2,5004,8,2023-09-18,CRITICAL,Surface finish degradation,RETURN,CLOSED
417,8308,216,6503,3,2025-10-17,MAJOR,Electrical test failure,RETURN,CLOSED
418,8446,338,16523,9,2026-05-22,MAJOR,Material contamination,RETURN,CLOSED
419,1408,147,17397,6,2023-06-06,MINOR,Electrical test failure,RETURN,CLOSED
420,282,320,8071,8,2025-09-27,MAJOR,Solder joint defect,USE_AS_IS,CLOSED
421,1046,1,11341,3,2026-09-29,MAJOR,Wrong revision shipped,REWORK,CLOSED
422,100,3,9143,4,2023-10-10,CRITICAL,Cracked substrate from shock,USE_AS_IS,CLOSED
423,9653,2,6220,12,2023-09-27,CRITICAL,Electrical test failure,USE_AS_IS,CLOSED
424,2576,2,27523,8,2024-11-27,MAJOR,Cracked substrate from shock,RETURN,CLOSED
425,6734,2,10258,9,2025-07-21,CRITICAL,Wrong revision shipped,USE_AS_IS,CLOSED
426,9687,290,1671,11,2024-05-31,MINOR,Material contamination,SCRAP,CLOSED
427,9376,205,7523,8,2023-12-26,MINOR,Wrong revision shipped,SCRAP,CLOSED
428,5474,252,20905,4,2023-12-09,MINOR,Material contamination,RETURN,CLOSED
429,2506,260,20417,1,2024-01-11,MINOR,Dimensional out-of-spec,RETURN,CLOSED
430,1310,2,15936,4,2024-11-05,MAJOR,Wrong revision shipped,REWORK,CLOSED
431,5109,1,25307,10,2026-06-12,MINOR,Cracked substrate from shock,USE_AS_IS,CLOSED
432,4105,122,11213,1,2026-09-27,MINOR,Documentation mismatch,REWORK,OPEN
433,948,170,13748,4,2023-08-23,MAJOR,Electrical test failure,REWORK,CLOSED
434,9859,416,3998,4,2023-02-03,CRITICAL,Cracked substrate from shock,SCRAP,CLOSED
435,6542,451,8076,9,2024-11-20,MINOR,ESD damage in shipping,REWORK,CLOSED
436,3643,1,15483,3,2026-04-24,MINOR,Unapproved substitution,REWORK,CLOSED
437,7404,485,13758,9,2026-09-09,CRITICAL,Documentation mismatch,RETURN,CLOSED
438,4959,163,15528,3,2023-02-04,CRITICAL,Documentation mismatch,SCRAP,OPEN
439,3244,249,14603,11,2023-05-19,MINOR,Unapproved substitution,USE_AS_IS,CLOSED
440,8590,74,16545,2,2024-09-23,CRITICAL,Surface finish degradation,RETURN,CLOSED
441,1052,332,20756,8,2024-01-08,MAJOR,Wrong revision shipped,RETURN,OPEN
442,4829,1,11054,7,2025-11-24,CRITICAL,Surface finish degradation,RETURN,OPEN
443,7649,2,27302,8,2026-01-17,CRITICAL,Material contamination,SCRAP,CLOSED
444,1185,451,28273,7,2024-05-25,CRITICAL,Wrong revision shipped,USE_AS_IS,CLOSED
445,6202,2,14382,9,2024-08-27,MAJOR,Solder joint defect,SCRAP,CLOSED
446,5496,460,18747,9,2025-08-23,CRITICAL,Surface finish degradation,USE_AS_IS,CLOSED
447,7283,429,12488,6,2026-01-26,MINOR,ESD damage in shipping,REWORK,CLOSED
448,5726,241,22771,2,2025-07-18,CRITICAL,ESD damage in shipping,SCRAP,CLOSED
449,2074,394,21789,3,2026-08-09,CRITICAL,Cracked substrate from shock,USE_AS_IS,CLOSED
450,8253,230,7513,7,2024-06-23,CRITICAL,Electrical test failure,USE_AS_IS,CLOSED
451,1435,128,8480,12,2023-09-15,MINOR,Electrical test failure,USE_AS_IS,CLOSED
452,7265,381,8179,2,2023-09-09,CRITICAL,Wrong revision shipped,RETURN,CLOSED
453,203,3,11284,2,2026-04-30,CRITICAL,Material contamination,SCRAP,CLOSED
454,3767,287,19475,12,2023-08-01,MAJOR,Electrical test failure,RETURN,CLOSED
455,7598,2,2686,5,2026-08-14,CRITICAL,Material contamination,RETURN,CLOSED
456,2961,3,20927,4,2024-01-10,MAJOR,ESD damage in shipping,RETURN,CLOSED
457,7861,2,24536,6,2023-07-19,MAJOR,Documentation mismatch,USE_AS_IS,OPEN
458,7059,94,9355,3,2025-12-07,CRITICAL,Wrong revision shipped,USE_AS_IS,CLOSED
459,3159,474,27196,9,2023-05-19,CRITICAL,Dimensional out-of-spec,USE_AS_IS,CLOSED
460,6115,166,23490,5,2023-01-31,MAJOR,Material contamination,USE_AS_IS,CLOSED
461,2272,208,28066,8,2023-03-11,CRITICAL,Unapproved substitution,RETURN,CLOSED
462,2237,11,12006,1,2024-03-28,CRITICAL,Wrong revision shipped,USE_AS_IS,CLOSED
463,9741,169,16594,2,2024-07-17,CRITICAL,Wrong revision shipped,RETURN,CLOSED
464,8408,312,15390,11,2025-08-18,CRITICAL,Surface finish degradation,USE_AS_IS,CLOSED
465,1554,1,17182,4,2026-06-18,MAJOR,Wrong revision shipped,USE_AS_IS,CLOSED
466,7212,32,17448,10,2024-06-29,CRITICAL,Cracked substrate from shock,REWORK,CLOSED
467,8791,436,28723,5,2024-02-17,MAJOR,Unapproved substitution,RETURN,OPEN
468,4798,189,15610,4,2023-04-11,MAJOR,Wrong revision shipped,REWORK,CLOSED
469,7493,17,18915,8,2026-07-03,MAJOR,Wrong revision shipped,REWORK,CLOSED
470,9634,1,6847,8,2025-12-02,MAJOR,Material contamination,SCRAP,CLOSED
471,8511,24,14784,6,2026-03-14,CRITICAL,Documentation mismatch,USE_AS_IS,CLOSED
472,3469,287,18982,4,2025-04-17,CRITICAL,Documentation mismatch,USE_AS_IS,CLOSED
473,1375,1,19596,5,2023-12-05,MAJOR,Surface finish degradation,REWORK,CLOSED
474,5335,326,16779,12,2025-12-02,CRITICAL,Cracked substrate from shock,USE_AS_IS,CLOSED
475,4878,1,22064,9,2023-05-26,CRITICAL,Unapproved substitution,USE_AS_IS,CLOSED
476,1791,1,14565,9,2024-12-27,MAJOR,Cracked substrate from shock,REWORK,CLOSED
477,4200,265,17755,6,2026-01-20,MAJOR,Electrical test failure,SCRAP,CLOSED
478,2994,231,16648,9,2024-09-02,CRITICAL,Electrical test failure,REWORK,CLOSED
479,5534,325,23628,9,2026-03-25,MAJOR,Unapproved substitution,REWORK,CLOSED
480,8507,115,16475,3,2023-05-30,MAJOR,Unapproved substitution,USE_AS_IS,CLOSED
481,8589,197,12518,10,2024-12-23,CRITICAL,Cracked substrate from shock,REWORK,CLOSED
482,6037,257,21104,4,2025-07-25,MAJOR,Electrical test failure,REWORK,CLOSED
483,3931,333,18534,3,2023-07-01,MAJOR,Solder joint defect,SCRAP,CLOSED
484,5644,413,18022,4,2025-11-07,MAJOR,Electrical test failure,SCRAP,CLOSED
485,5061,233,17445,4,2023-06-26,MAJOR,ESD damage in shipping,RETURN,CLOSED
486,4986,106,23379,6,2026-08-25,CRITICAL,Material contamination,RETURN,OPEN
487,5669,243,19397,6,2025-12-10,MAJOR,ESD damage in shipping,RETURN,CLOSED
488,8475,459,20233,2,2023-06-14,MINOR,Surface finish degradation,USE_AS_IS,CLOSED
489,7098,96,11912,9,2026-03-15,CRITICAL,Electrical test failure,USE_AS_IS,CLOSED
490,6933,78,12207,5,2023-09-25,CRITICAL,Wrong revision shipped,SCRAP,CLOSED
491,4241,235,15354,2,2025-04-16,MAJOR,ESD damage in shipping,RETURN,CLOSED
492,1882,1,7503,7,2023-06-26,CRITICAL,Wrong revision shipped,USE_AS_IS,CLOSED
493,4506,473,10679,8,2024-04-10,CRITICAL,Unapproved substitution,RETURN,CLOSED
494,6790,11,17186,5,2026-05-08,MAJOR,Documentation mismatch,RETURN,CLOSED
495,3027,1,3886,8,2025-02-27,CRITICAL,Material contamination,SCRAP,CLOSED
496,4709,1,10016,8,2024-03-23,CRITICAL,Cracked substrate from shock,SCRAP,CLOSED
497,3207,247,2575,9,2025-01-21,MAJOR,ESD damage in shipping,USE_AS_IS,CLOSED
498,4304,97,27624,3,2024-02-26,MAJOR,Cracked substrate from shock,SCRAP,CLOSED
499,1718,233,24242,8,2025-06-09,MINOR,Cracked substrate from shock,SCRAP,CLOSED
500,2679,3,11731,9,2025-05-05,MINOR,Wrong revision shipped,USE_AS_IS,CLOSED
501,1955,229,26507,9,2023-10-07,MINOR,Unapproved substitution,RETURN,CLOSED
502,9181,102,9382,10,2023-09-17,CRITICAL,Cracked substrate from shock,REWORK,CLOSED
503,351,49,5101,11,2024-05-27,CRITICAL,Wrong revision shipped,REWORK,CLOSED
504,5651,2,11960,8,2026-08-14,CRITICAL,Cracked substrate from shock,SCRAP,CLOSED
505,6548,33,13586,3,2025-04-18,CRITICAL,ESD damage in shipping,USE_AS_IS,CLOSED
506,6015,1,514,1,2023-08-19,MAJOR,Cracked substrate from shock,REWORK,CLOSED
507,2473,334,3147,9,2023-09-10,CRITICAL,Solder joint defect,USE_AS_IS,CLOSED
508,7797,208,28980,11,2026-01-16,MINOR,Wrong revision shipped,RETURN,CLOSED
509,1053,2,14889,10,2024-12-05,CRITICAL,Unapproved substitution,SCRAP,CLOSED
510,9595,307,24017,3,2024-09-25,MAJOR,Material contamination,RETURN,CLOSED
511,460,287,2949,7,2024-09-02,MAJOR,Solder joint defect,USE_AS_IS,CLOSED
512,4035,374,17283,9,2025-08-27,MAJOR,Documentation mismatch,SCRAP,CLOSED
513,1190,1,14521,4,2025-02-07,CRITICAL,Cracked substrate from shock,SCRAP,CLOSED
514,4372,3,11078,8,2025-04-09,CRITICAL,Solder joint defect,REWORK,CLOSED
515,2401,40,10881,8,2025-02-24,CRITICAL,Surface finish degradation,REWORK,CLOSED
516,1450,432,6613,6,2023-09-13,MAJOR,Solder joint defect,REWORK,CLOSED
517,3094,113,19988,7,2023-04-25,MINOR,ESD damage in shipping,USE_AS_IS,OPEN
518,7459,1,14795,1,2023-08-20,MINOR,Material contamination,USE_AS_IS,CLOSED
519,4839,3,12181,9,2024-07-20,CRITICAL,Solder joint defect,RETURN,CLOSED
520,1727,117,26400,1,2025-07-04,CRITICAL,Dimensional out-of-spec,SCRAP,CLOSED
521,300,1,9443,4,2023-04-22,MAJOR,Documentation mismatch,USE_AS_IS,CLOSED
522,8427,408,26348,10,2024-09-16,MINOR,Material contamination,USE_AS_IS,CLOSED
523,7627,3,3871,5,2024-05-20,MINOR,Unapproved substitution,RETURN,CLOSED
524,9572,1,17691,8,2025-12-28,MAJOR,Electrical test failure,SCRAP,CLOSED
525,1461,359,22952,7,2023-01-28,MAJOR,Wrong revision shipped,REWORK,OPEN
526,9860,2,17961,9,2025-10-29,MINOR,Dimensional out-of-spec,USE_AS_IS,CLOSED
527,502,217,22727,7,2023-01-19,CRITICAL,Solder joint defect,USE_AS_IS,CLOSED
528,9267,3,23944,5,2024-05-19,CRITICAL,Material contamination,SCRAP,CLOSED
529,3187,1,13871,12,2025-06-10,CRITICAL,Dimensional out-of-spec,REWORK,CLOSED
530,5327,367,18576,8,2025-09-24,MAJOR,ESD damage in shipping,USE_AS_IS,CLOSED
531,3462,410,6925,11,2026-03-03,MINOR,Documentation mismatch,RETURN,CLOSED
532,7782,272,15654,10,2023-05-05,CRITICAL,Dimensional out-of-spec,REWORK,CLOSED
533,9222,135,4811,9,2024-05-22,MINOR,Surface finish degradation,SCRAP,CLOSED
534,1525,1,16220,9,2025-09-18,CRITICAL,Wrong revision shipped,USE_AS_IS,OPEN
535,6018,3,7836,11,2024-01-25,MAJOR,Unapproved substitution,SCRAP,CLOSED
536,9679,1,22238,1,2024-10-10,MINOR,Documentation mismatch,SCRAP,CLOSED
537,2836,22,26274,6,2024-06-09,MINOR,Material contamination,RETURN,CLOSED
538,2076,337,27730,5,2026-08-06,MAJOR,ESD damage in shipping,RETURN,CLOSED
539,3471,138,30,5,2026-04-19,CRITICAL,Solder joint defect,SCRAP,CLOSED
540,3516,179,12164,1,2024-12-12,MAJOR,Documentation mismatch,SCRAP,CLOSED
541,7553,370,24087,12,2025-09-13,MINOR,Dimensional out-of-spec,SCRAP,CLOSED
542,2458,2,26250,5,2026-07-09,MINOR,Electrical test failure,REWORK,OPEN
543,7574,114,7671,3,2024-03-07,MAJOR,Dimensional out-of-spec,REWORK,CLOSED
544,5160,249,23699,4,2025-08-09,MINOR,Wrong revision shipped,USE_AS_IS,CLOSED
545,2904,189,25176,11,2025-03-05,MAJOR,Wrong revision shipped,RETURN,CLOSED
546,6503,2,26503,5,2024-11-02,CRITICAL,Material contamination,RETURN,CLOSED
547,9547,338,23685,6,2023-02-17,CRITICAL,Solder joint defect,REWORK,CLOSED
548,2159,3,4751,12,2024-09-30,MINOR,Electrical test failure,USE_AS_IS,CLOSED
549,395,254,8345,6,2023-12-21,CRITICAL,Unapproved substitution,SCRAP,CLOSED
550,7413,2,8571,1,2024-01-26,MINOR,Material contamination,RETURN,CLOSED
551,6064,330,26290,8,2025-01-02,MINOR,Dimensional out-of-spec,SCRAP,CLOSED
552,2180,309,17824,9,2023-09-03,MINOR,Dimensional out-of-spec,RETURN,CLOSED
553,2182,469,4873,5,2026-05-15,MAJOR,Surface finish degradation,RETURN,CLOSED
554,2050,2,17234,10,2023-12-07,MAJOR,Surface finish degradation,USE_AS_IS,CLOSED
555,8064,248,10336,9,2023-08-31,CRITICAL,Wrong revision shipped,RETURN,CLOSED
556,4933,474,2223,4,2023-07-10,MAJOR,Material contamination,SCRAP,CLOSED
557,4280,2,7847,4,2023-08-01,MAJOR,Unapproved substitution,USE_AS_IS,CLOSED
558,2712,472,25231,4,2024-09-23,CRITICAL,Surface finish degradation,REWORK,CLOSED
559,1996,187,25867,6,2026-08-16,MINOR,Cracked substrate from shock,SCRAP,CLOSED
560,6387,119,19119,4,2025-07-11,CRITICAL,Material contamination,REWORK,CLOSED
561,3941,414,1235,3,2024-12-06,MAJOR,Material contamination,REWORK,CLOSED
562,6298,1,29108,5,2024-02-02,MINOR,Unapproved substitution,USE_AS_IS,CLOSED
563,6515,490,21698,3,2023-03-07,CRITICAL,Documentation mismatch,REWORK,CLOSED
564,6833,359,17502,2,2024-12-18,MINOR,Electrical test failure,RETURN,CLOSED
565,5278,334,2165,11,2026-05-12,CRITICAL,Material contamination,RETURN,CLOSED
566,6169,293,561,3,2025-02-05,CRITICAL,Wrong revision shipped,REWORK,OPEN
567,4432,27,21456,5,2023-02-11,MINOR,Surface finish degradation,SCRAP,OPEN
568,1367,421,24531,8,2024-08-13,MAJOR,Documentation mismatch,RETURN,CLOSED
569,1976,3,6611,7,2024-02-25,MAJOR,Wrong revision shipped,RETURN,CLOSED
570,7575,7,18900,12,2024-04-10,MAJOR,Unapproved substitution,REWORK,CLOSED
571,1935,6,29938,2,2023-11-04,MAJOR,Solder joint defect,USE_AS_IS,CLOSED
572,6273,334,8097,9,2024-05-18,MAJOR,ESD damage in shipping,REWORK,CLOSED
573,5765,386,18264,8,2025-04-19,CRITICAL,Wrong revision shipped,REWORK,CLOSED
574,8799,16,14303,4,2025-02-10,MAJOR,Wrong revision shipped,SCRAP,CLOSED
575,401,3,9736,8,2025-06-06,MINOR,Unapproved substitution,USE_AS_IS,OPEN
576,7755,257,445,5,2026-06-13,MAJOR,Surface finish degradation,SCRAP,CLOSED
577,2845,322,26985,8,2023-01-21,CRITICAL,Cracked substrate from shock,SCRAP,CLOSED
578,2574,186,29045,7,2023-10-23,MAJOR,Surface finish degradation,RETURN,CLOSED
579,6697,3,27760,5,2024-04-06,MAJOR,Solder joint defect,RETURN,CLOSED
580,742,2,4407,11,2024-08-31,CRITICAL,Electrical test failure,SCRAP,CLOSED
581,4309,226,15969,4,2025-09-08,CRITICAL,Wrong revision shipped,REWORK,CLOSED
582,179,451,14951,4,2026-07-10,MINOR,Wrong revision shipped,SCRAP,OPEN
583,9180,54,3356,2,2024-04-03,MINOR,Wrong revision shipped,SCRAP,CLOSED
584,9154,454,10291,11,2025-09-04,MINOR,Unapproved substitution,RETURN,CLOSED
585,5673,441,15939,10,2023-12-24,MINOR,Wrong revision shipped,RETURN,CLOSED
586,4713,148,10383,4,2025-01-27,CRITICAL,Cracked substrate from shock,USE_AS_IS,CLOSED
587,6165,73,1504,2,2024-07-06,MINOR,Material contamination,REWORK,CLOSED
588,6742,92,9597,3,2025-09-07,MINOR,Cracked substrate from shock,REWORK,CLOSED
589,9764,1,18926,11,2026-01-15,MINOR,Unapproved substitution,REWORK,CLOSED
590,1277,2,27932,8,2024-09-30,MAJOR,Documentation mismatch,RETURN,OPEN
591,8532,3,5446,7,2025-03-05,MINOR,Wrong revision shipped,RETURN,CLOSED
592,7921,1,16050,6,2024-05-26,MAJOR,Documentation mismatch,USE_AS_IS,CLOSED
593,801,498,26157,7,2025-07-09,CRITICAL,Dimensional out-of-spec,USE_AS_IS,CLOSED
594,4623,39,19407,7,2026-06-22,MINOR,Dimensional out-of-spec,USE_AS_IS,CLOSED
595,3700,19,18511,2,2025-12-10,MINOR,Solder joint defect,USE_AS_IS,CLOSED
596,8941,146,21088,8,2024-06-24,MAJOR,Dimensional out-of-spec,RETURN,CLOSED
597,6629,2,28685,10,2024-06-20,CRITICAL,Material contamination,SCRAP,CLOSED
598,3740,469,19909,1,2023-09-05,MINOR,Cracked substrate from shock,USE_AS_IS,CLOSED
599,6065,411,8085,11,2025-10-17,MAJOR,Electrical test failure,SCRAP,OPEN
600,9079,462,4609,5,2024-01-03,CRITICAL,Documentation mismatch,RETURN,CLOSED
601,3099,112,21963,12,2025-03-09,CRITICAL,Unapproved substitution,RETURN,CLOSED
602,6045,495,17780,10,2025-09-07,MAJOR,Material contamination,SCRAP,CLOSED
603,4523,2,19541,4,2026-08-07,MAJOR,Unapproved substitution,REWORK,CLOSED
604,2890,406,13258,8,2023-06-20,CRITICAL,Documentation mismatch,REWORK,CLOSED
605,1931,432,11207,4,2023-04-24,CRITICAL,ESD damage in shipping,REWORK,CLOSED
606,3464,479,14400,6,2024-06-01,MINOR,Unapproved substitution,REWORK,OPEN
607,4549,247,24948,2,2023-12-20,CRITICAL,Electrical test failure,USE_AS_IS,CLOSED
608,775,327,9512,5,2025-11-11,MINOR,Electrical test failure,SCRAP,CLOSED
609,446,2,27947,3,2023-02-15,CRITICAL,Material contamination,USE_AS_IS,CLOSED
610,7990,2,9388,5,2025-07-09,CRITICAL,Wrong revision shipped,RETURN,CLOSED
611,8192,2,19201,9,2025-10-24,CRITICAL,Cracked substrate from shock,REWORK,CLOSED
612,7998,1,10038,3,2024-12-21,CRITICAL,Unapproved substitution,RETURN,CLOSED
613,487,375,11323,6,2025-01-16,MAJOR,ESD damage in shipping,REWORK,CLOSED
614,4542,365,644,4,2024-11-10,MAJOR,Electrical test failure,REWORK,CLOSED
615,2328,2,6081,9,2026-08-02,MINOR,ESD damage in shipping,USE_AS_IS,CLOSED
616,1836,176,20621,7,2023-01-24,CRITICAL,Solder joint defect,SCRAP,CLOSED
617,9120,36,16362,7,2025-09-30,MAJOR,Unapproved substitution,USE_AS_IS,CLOSED
618,4730,102,5020,6,2024-09-24,MAJOR,Wrong revision shipped,RETURN,OPEN
619,121,1,20737,2,2023-02-16,MAJOR,ESD damage in shipping,SCRAP,OPEN
620,2030,475,10806,3,2025-08-24,MINOR,Surface finish degradation,USE_AS_IS,CLOSED
621,955,473,4072,1,2025-02-23,MAJOR,Solder joint defect,REWORK,CLOSED
622,6151,98,4181,7,2023-12-26,CRITICAL,Electrical test failure,REWORK,CLOSED
623,29,439,24320,5,2026-08-22,MAJOR,Unapproved substitution,REWORK,CLOSED
624,6028,404,29586,7,2025-06-09,CRITICAL,Solder joint defect,USE_AS_IS,CLOSED
625,9122,314,4502,7,2024-07-16,MINOR,Material contamination,REWORK,CLOSED
626,5040,364,19237,11,2024-04-22,MAJOR,Electrical test failure,SCRAP,CLOSED
627,7696,157,22999,11,2026-02-10,CRITICAL,Documentation mismatch,REWORK,CLOSED
628,6069,202,7730,1,2023-02-13,MINOR,Electrical test failure,REWORK,CLOSED
629,5236,334,6995,5,2026-04-22,MINOR,Electrical test failure,USE_AS_IS,CLOSED
630,899,361,25951,8,2025-06-23,MINOR,Unapproved substitution,RETURN,CLOSED
631,8099,245,25056,4,2026-07-29,CRITICAL,Dimensional out-of-spec,SCRAP,CLOSED
632,3313,163,28948,3,2024-01-06,MINOR,Material contamination,SCRAP,CLOSED
633,5845,364,7454,10,2026-03-29,MINOR,Unapproved substitution,SCRAP,CLOSED
634,5654,137,10445,8,2023-04-23,MINOR,Surface finish degradation,USE_AS_IS,CLOSED
635,8095,2,26184,7,2023-09-18,CRITICAL,Surface finish degradation,USE_AS_IS,CLOSED
636,1281,245,1931,4,2024-02-19,CRITICAL,Wrong revision shipped,SCRAP,CLOSED
637,7796,1,12791,12,2025-07-29,MINOR,Cracked substrate from shock,RETURN,CLOSED
638,7908,324,28588,11,2024-01-09,MINOR,Surface finish degradation,RETURN,CLOSED
639,4240,488,27701,9,2026-03-08,MINOR,Cracked substrate from shock,RETURN,CLOSED
640,8580,345,418,8,2023-04-26,CRITICAL,Material contamination,USE_AS_IS,OPEN
641,277,42,21048,5,2026-04-18,MINOR,Material contamination,USE_AS_IS,CLOSED
642,9880,3,7022,11,2025-09-11,MINOR,Wrong revision shipped,USE_AS_IS,CLOSED
643,2919,423,15467,2,2024-09-18,MAJOR,Documentation mismatch,SCRAP,CLOSED
644,5798,2,13292,9,2025-09-21,MAJOR,Documentation mismatch,RETURN,CLOSED
645,602,83,13014,1,2024-03-19,MAJOR,Documentation mismatch,USE_AS_IS,OPEN
646,6455,2,6040,9,2025-11-22,CRITICAL,Wrong revision shipped,RETURN,CLOSED
647,3498,74,18198,1,2024-02-06,MINOR,Documentation mismatch,USE_AS_IS,CLOSED
648,2868,125,12246,3,2024-12-31,MAJOR,Surface finish degradation,USE_AS_IS,CLOSED
649,2372,2,484,2,2023-09-18,MINOR,Documentation mismatch,USE_AS_IS,CLOSED
650,1167,3,7902,11,2025-05-15,CRITICAL,Solder joint defect,REWORK,CLOSED
651,3759,314,13642,7,2026-04-03,MINOR,Surface finish degradation,RETURN,OPEN
652,7917,407,2055,12,2024-11-08,MAJOR,Dimensional out-of-spec,REWORK,CLOSED
653,3561,248,12376,8,2025-01-31,MAJOR,Cracked substrate from shock,RETURN,CLOSED
654,3541,104,5479,2,2023-08-10,MAJOR,Electrical test failure,SCRAP,CLOSED
655,3841,449,5840,10,2025-07-02,CRITICAL,Wrong revision shipped,SCRAP,CLOSED
656,9739,2,24548,3,2024-10-12,MINOR,Solder joint defect,USE_AS_IS,OPEN
657,7923,473,19801,1,2024-08-10,CRITICAL,Surface finish degradation,SCRAP,CLOSED
658,6554,1,11306,9,2026-06-19,CRITICAL,Material contamination,SCRAP,CLOSED
659,7496,473,28409,3,2026-03-07,CRITICAL,ESD damage in shipping,USE_AS_IS,CLOSED
660,6633,99,26793,3,2026-07-16,MINOR,Cracked substrate from shock,SCRAP,CLOSED
661,82,3,8198,9,2026-04-16,MAJOR,Cracked substrate from shock,REWORK,CLOSED
662,1594,3,20024,5,2024-03-14,CRITICAL,Wrong revision shipped,USE_AS_IS,CLOSED
663,649,487,2435,8,2025-01-06,MINOR,Cracked substrate from shock,SCRAP,CLOSED
664,2825,101,19255,4,2025-06-26,MAJOR,Material contamination,SCRAP,CLOSED
665,1297,408,29164,8,2025-09-27,MAJOR,ESD damage in shipping,REWORK,CLOSED
666,4670,152,4807,12,2024-11-03,MAJOR,Dimensional out-of-spec,USE_AS_IS,CLOSED
667,13,380,14664,3,2026-02-19,CRITICAL,Dimensional out-of-spec,USE_AS_IS,CLOSED
668,1970,301,6584,2,2025-12-10,MAJOR,Surface finish degradation,SCRAP,CLOSED
669,1482,3,29409,10,2024-06-28,MINOR,Material contamination,SCRAP,CLOSED
670,7642,490,26169,9,2023-11-11,CRITICAL,Cracked substrate from shock,RETURN,CLOSED
671,7933,1,26124,7,2024-02-09,CRITICAL,Material contamination,USE_AS_IS,CLOSED
672,5786,413,20618,3,2026-02-03,MAJOR,Solder joint defect,SCRAP,CLOSED
673,3573,2,9570,12,2026-05-24,MINOR,Cracked substrate from shock,RETURN,CLOSED
674,9031,298,10847,8,2023-01-27,MINOR,Dimensional out-of-spec,RETURN,CLOSED
675,2200,327,5826,11,2024-10-28,CRITICAL,Wrong revision shipped,SCRAP,CLOSED
676,6735,195,29468,6,2023-04-20,CRITICAL,Wrong revision shipped,REWORK,CLOSED
677,2374,254,5193,8,2026-08-12,MINOR,Cracked substrate from shock,RETURN,CLOSED
678,2323,479,25289,4,2023-02-06,MINOR,Dimensional out-of-spec,USE_AS_IS,CLOSED
679,7826,466,20480,8,2025-05-18,MINOR,Dimensional out-of-spec,USE_AS_IS,CLOSED
680,5699,253,4047,7,2025-12-29,MINOR,ESD damage in shipping,SCRAP,OPEN
681,2686,138,13034,3,2026-06-15,CRITICAL,Unapproved substitution,SCRAP,CLOSED
682,5068,1,5328,10,2023-02-03,CRITICAL,Solder joint defect,USE_AS_IS,CLOSED
683,7939,226,4574,5,2025-08-19,CRITICAL,Cracked substrate from shock,RETURN,CLOSED
684,565,2,10808,2,2026-07-16,MINOR,Solder joint defect,REWORK,CLOSED
685,3705,1,4938,6,2025-02-19,MAJOR,Dimensional out-of-spec,USE_AS_IS,OPEN
686,9518,1,28018,1,2023-05-21,MINOR,Solder joint defect,RETURN,CLOSED
687,4412,424,19985,4,2024-06-08,MINOR,ESD damage in shipping,USE_AS_IS,OPEN
688,3429,1,528,10,2025-06-29,CRITICAL,Surface finish degradation,REWORK,CLOSED
689,4821,438,27717,7,2023-05-14,MAJOR,ESD damage in shipping,SCRAP,CLOSED
690,341,434,8011,2,2026-04-12,CRITICAL,Surface finish degradation,REWORK,CLOSED
691,1807,2,22996,7,2023-06-30,MINOR,Solder joint defect,RETURN,CLOSED
692,9960,2,1607,4,2023-09-18,CRITICAL,Material contamination,RETURN,CLOSED
693,3086,51,22333,4,2026-07-06,CRITICAL,Dimensional out-of-spec,USE_AS_IS,CLOSED
694,2032,3,2759,8,2023-01-22,MAJOR,Surface finish degradation,USE_AS_IS,CLOSED
695,1539,490,6120,2,2023-02-06,MAJOR,Cracked substrate from shock,RETURN,CLOSED
696,3594,3,27641,7,2024-09-05,CRITICAL,Cracked substrate from shock,RETURN,CLOSED
697,9604,249,27852,3,2026-01-31,MINOR,ESD damage in shipping,USE_AS_IS,CLOSED
698,6998,2,7705,4,2023-12-12,CRITICAL,Electrical test failure,REWORK,CLOSED
699,1121,381,16015,2,2023-01-10,MAJOR,Documentation mismatch,SCRAP,OPEN
700,2573,368,6151,5,2025-10-02,CRITICAL,Material contamination,RETURN,CLOSED
701,4607,2,16169,8,2024-10-16,MINOR,Dimensional out-of-spec,RETURN,CLOSED
702,3242,64,26146,10,2025-04-15,CRITICAL,Surface finish degradation,USE_AS_IS,CLOSED
703,8009,2,26471,4,2023-02-21,MAJOR,Cracked substrate from shock,REWORK,CLOSED
704,5742,327,22135,1,2024-06-01,CRITICAL,Documentation mismatch,RETURN,CLOSED
705,1018,296,12175,5,2026-04-13,MAJOR,Dimensional out-of-spec,REWORK,CLOSED
706,1533,243,26329,2,2026-02-26,MINOR,Documentation mismatch,USE_AS_IS,CLOSED
707,8814,271,703,6,2026-04-14,MINOR,Unapproved substitution,RETURN,CLOSED
708,1443,434,14943,10,2026-07-13,CRITICAL,Cracked substrate from shock,USE_AS_IS,CLOSED
709,7481,9,19285,8,2023-06-20,CRITICAL,ESD damage in shipping,USE_AS_IS,CLOSED
710,4943,131,14928,8,2024-08-05,MAJOR,Surface finish degradation,SCRAP,CLOSED
711,341,168,6030,1,2025-02-19,MAJOR,Material contamination,REWORK,CLOSED
712,1291,407,5629,12,2025-06-28,MINOR,Unapproved substitution,SCRAP,CLOSED
713,287,2,9621,9,2024-06-15,MAJOR,Material contamination,REWORK,OPEN
714,5199,374,26647,4,2023-10-27,MAJOR,Material contamination,USE_AS_IS,CLOSED
715,3469,107,23505,2,2024-07-18,MINOR,Documentation mismatch,SCRAP,CLOSED
716,562,263,14574,10,2023-03-08,MINOR,Solder joint defect,USE_AS_IS,CLOSED
717,5193,223,4264,10,2023-01-15,MAJOR,Surface finish degradation,USE_AS_IS,CLOSED
718,396,4,21443,7,2024-09-09,MINOR,Dimensional out-of-spec,SCRAP,CLOSED
719,5598,150,20001,7,2023-06-18,MAJOR,Cracked substrate from shock,SCRAP,CLOSED
720,972,62,14122,6,2026-08-13,MINOR,ESD damage in shipping,REWORK,CLOSED
721,2781,441,24594,1,2025-06-06,CRITICAL,Solder joint defect,USE_AS_IS,CLOSED
722,3724,106,14278,11,2025-07-15,MAJOR,Documentation mismatch,REWORK,CLOSED
723,2752,494,28122,11,2023-09-25,MAJOR,Solder joint defect,USE_AS_IS,CLOSED
724,2461,276,5337,4,2026-03-08,MAJOR,Unapproved substitution,REWORK,CLOSED
725,4602,425,24989,2,2023-03-24,MAJOR,ESD damage in shipping,USE_AS_IS,CLOSED
726,6599,417,23389,9,2024-01-04,MINOR,Dimensional out-of-spec,SCRAP,CLOSED
727,4901,393,24667,10,2023-12-18,MINOR,Solder joint defect,SCRAP,CLOSED
728,359,23,10361,8,2026-05-27,MAJOR,Unapproved substitution,SCRAP,CLOSED
729,9224,3,23435,2,2024-07-14,MAJOR,Wrong revision shipped,REWORK,CLOSED
730,3920,353,9332,8,2023-01-10,CRITICAL,Dimensional out-of-spec,RETURN,CLOSED
731,1666,36,24041,2,2024-05-16,CRITICAL,Cracked substrate from shock,RETURN,CLOSED
732,870,51,4779,1,2026-01-04,CRITICAL,Surface finish degradation,SCRAP,CLOSED
733,1066,158,22455,1,2024-06-01,MAJOR,Surface finish degradation,REWORK,CLOSED
734,5098,148,12189,11,2024-10-26,MINOR,Surface finish degradation,SCRAP,CLOSED
735,9245,442,20422,9,2024-01-18,CRITICAL,ESD damage in shipping,REWORK,CLOSED
736,1560,28,193,12,2024-11-20,CRITICAL,Unapproved substitution,USE_AS_IS,CLOSED
737,6423,137,13,9,2023-11-08,MINOR,Dimensional out-of-spec,USE_AS_IS,CLOSED
738,2825,156,10236,11,2023-06-16,MINOR,Dimensional out-of-spec,USE_AS_IS,CLOSED
739,5920,67,10971,4,2023-08-09,CRITICAL,Solder joint defect,SCRAP,CLOSED
740,3281,430,2568,2,2026-08-11,MINOR,Solder joint defect,REWORK,CLOSED
741,5243,45,7169,4,2024-10-16,CRITICAL,Documentation mismatch,USE_AS_IS,OPEN
742,1061,3,5153,4,2025-11-30,CRITICAL,Electrical test failure,USE_AS_IS,CLOSED
743,2896,251,3577,3,2026-02-09,CRITICAL,Unapproved substitution,SCRAP,CLOSED
744,1239,278,27603,1,2023-10-31,CRITICAL,Cracked substrate from shock,REWORK,CLOSED
745,7306,445,26675,8,2025-02-04,CRITICAL,Solder joint defect,SCRAP,CLOSED
746,5780,1,22656,4,2024-07-10,CRITICAL,Surface finish degradation,USE_AS_IS,CLOSED
747,4988,409,18303,1,2023-03-17,MAJOR,Dimensional out-of-spec,SCRAP,OPEN
748,9107,159,1121,6,2023-06-25,CRITICAL,Documentation mismatch,SCRAP,CLOSED
749,6681,326,21545,9,2025-09-08,MINOR,Dimensional out-of-spec,SCRAP,CLOSED
750,7109,357,26156,6,2024-08-03,MINOR,ESD damage in shipping,RETURN,CLOSED
751,9368,3,14324,6,2026-06-08,MAJOR,Dimensional out-of-spec,REWORK,CLOSED
752,1364,64,24090,2,2025-06-22,MINOR,Wrong revision shipped,SCRAP,CLOSED
753,7964,329,555,7,2023-11-21,CRITICAL,Material contamination,REWORK,CLOSED
754,5113,2,26933,6,2023-05-29,MAJOR,Documentation mismatch,REWORK,CLOSED
755,5710,310,8171,4,2025-04-21,MAJOR,Dimensional out-of-spec,SCRAP,CLOSED
756,2272,254,14347,1,2026-05-10,CRITICAL,Electrical test failure,RETURN,CLOSED
757,1957,50,3948,3,2024-04-17,MINOR,Surface finish degradation,SCRAP,CLOSED
758,102,2,14630,2,2025-05-24,MINOR,ESD damage in shipping,SCRAP,CLOSED
759,4089,142,21606,10,2025-06-15,MINOR,Wrong revision shipped,USE_AS_IS,CLOSED
760,291,277,4560,8,2024-11-01,CRITICAL,Unapproved substitution,REWORK,CLOSED
761,8389,370,17177,2,2024-06-21,MAJOR,Solder joint defect,REWORK,CLOSED
762,2914,3,18602,4,2026-06-19,CRITICAL,Cracked substrate from shock,USE_AS_IS,CLOSED
763,9662,183,19504,11,2024-08-16,MINOR,Material contamination,SCRAP,CLOSED
764,9987,3,8572,10,2024-10-21,CRITICAL,Unapproved substitution,SCRAP,CLOSED
765,797,310,20180,11,2025-08-18,MINOR,Solder joint defect,RETURN,CLOSED
766,7572,3,7549,12,2026-01-08,MAJOR,Solder joint defect,USE_AS_IS,CLOSED
767,2836,286,7154,10,2024-08-14,MAJOR,ESD damage in shipping,SCRAP,CLOSED
768,7409,1,6265,2,2023-12-19,MINOR,ESD damage in shipping,RETURN,CLOSED
769,5362,377,5634,11,2024-05-03,CRITICAL,Documentation mismatch,RETURN,CLOSED
770,8628,319,11368,4,2026-08-02,MAJOR,ESD damage in shipping,REWORK,CLOSED
771,1946,2,10960,9,2026-07-18,CRITICAL,Surface finish degradation,RETURN,CLOSED
772,855,1,21701,4,2024-10-09,MINOR,Documentation mismatch,REWORK,CLOSED
773,5918,356,16761,2,2025-11-29,MAJOR,Unapproved substitution,USE_AS_IS,CLOSED
774,3248,171,4554,5,2023-07-06,CRITICAL,Material contamination,RETURN,CLOSED
775,6667,320,14963,12,2024-08-05,MINOR,Wrong revision shipped,REWORK,CLOSED
776,4618,427,21542,12,2026-08-18,CRITICAL,Dimensional out-of-spec,SCRAP,CLOSED
777,204,25,2949,3,2024-07-10,MAJOR,Dimensional out-of-spec,SCRAP,CLOSED
778,7715,102,24762,4,2024-08-27,CRITICAL,Material contamination,RETURN,CLOSED
779,1467,2,30000,4,2025-10-21,CRITICAL,Dimensional out-of-spec,SCRAP,CLOSED
780,4523,3,9570,10,2025-06-12,MAJOR,Cracked substrate from shock,SCRAP,CLOSED
781,6302,482,24890,10,2026-05-20,MAJOR,Solder joint defect,RETURN,CLOSED
782,9807,69,16920,4,2023-10-20,MINOR,Electrical test failure,USE_AS_IS,CLOSED
783,608,399,28015,3,2025-05-31,MAJOR,Surface finish degradation,USE_AS_IS,CLOSED
784,9627,451,29752,8,2024-03-31,MAJOR,Solder joint defect,RETURN,CLOSED
785,2615,190,16633,5,2026-09-09,MINOR,Surface finish degradation,RETURN,CLOSED
786,4070,1,25730,2,2024-04-12,CRITICAL,Wrong revision shipped,REWORK,CLOSED
787,2012,44,10630,2,2024-07-31,MAJOR,Surface finish degradation,RETURN,CLOSED
788,3881,198,28073,7,2024-12-24,CRITICAL,Unapproved substitution,SCRAP,OPEN
789,5977,2,16796,4,2025-02-04,CRITICAL,Dimensional out-of-spec,USE_AS_IS,CLOSED
790,2162,1,16380,6,2023-09-05,CRITICAL,Unapproved substitution,RETURN,CLOSED
791,5801,255,25393,12,2026-08-03,MAJOR,Surface finish degradation,RETURN,OPEN
792,2248,163,9438,5,2024-06-02,MINOR,Documentation mismatch,SCRAP,CLOSED
793,25,2,17799,12,2024-02-05,MAJOR,Unapproved substitution,SCRAP,CLOSED
794,9534,135,8590,4,2026-02-27,MAJOR,Documentation mismatch,USE_AS_IS,CLOSED
795,735,437,1480,12,2026-01-02,MINOR,Material contamination,SCRAP,CLOSED
796,9334,446,51,3,2025-05-02,MINOR,Wrong revision shipped,REWORK,CLOSED
797,3912,362,17689,12,2024-09-29,MINOR,Material contamination,USE_AS_IS,CLOSED
798,2691,2,19322,9,2023-12-04,MINOR,Solder joint defect,USE_AS_IS,CLOSED
799,6221,1,17339,12,2025-09-24,MINOR,Material contamination,USE_AS_IS,CLOSED
800,4450,481,7583,4,2024-06-20,CRITICAL,Cracked substrate from shock,USE_AS_IS,CLOSED
801,8906,469,13777,10,2023-04-30,CRITICAL,Unapproved substitution,USE_AS_IS,CLOSED
802,1002,3,14837,3,2024-03-21,MINOR,Electrical test failure,USE_AS_IS,CLOSED
803,2887,1,14964,6,2023-09-15,CRITICAL,Surface finish degradation,REWORK,CLOSED
804,9925,1,14831,9,2024-01-10,MAJOR,Electrical test failure,SCRAP,CLOSED
805,9866,306,22329,7,2024-09-03,MAJOR,Wrong revision shipped,USE_AS_IS,CLOSED
806,2636,198,29106,3,2025-03-21,MAJOR,Electrical test failure,USE_AS_IS,CLOSED
807,3158,161,11243,3,2024-07-22,CRITICAL,Electrical test failure,RETURN,CLOSED
808,2751,215,11542,4,2026-09-14,MAJOR,Solder joint defect,REWORK,CLOSED
809,140,384,24776,7,2023-10-09,MINOR,Wrong revision shipped,SCRAP,CLOSED
810,2637,448,4924,2,2024-06-21,MAJOR,Material contamination,RETURN,CLOSED
811,4779,72,11347,5,2024-09-23,MAJOR,ESD damage in shipping,REWORK,CLOSED
812,2192,176,27054,10,2026-02-13,CRITICAL,Documentation mismatch,SCRAP,CLOSED
813,1360,3,13483,11,2025-10-18,CRITICAL,Cracked substrate from shock,USE_AS_IS,CLOSED
814,8243,40,13913,2,2024-01-17,MAJOR,Documentation mismatch,RETURN,CLOSED
815,2811,332,18106,4,2024-02-02,CRITICAL,Dimensional out-of-spec,USE_AS_IS,CLOSED
816,5498,374,28392,8,2025-05-26,MINOR,Surface finish degradation,SCRAP,CLOSED
817,1248,316,641,5,2023-10-01,MAJOR,Documentation mismatch,USE_AS_IS,CLOSED
818,7923,338,13230,11,2025-10-23,CRITICAL,Material contamination,USE_AS_IS,CLOSED
819,6524,1,9439,7,2024-02-11,MINOR,Electrical test failure,SCRAP,CLOSED
820,9413,8,7150,5,2025-10-21,CRITICAL,Documentation mismatch,RETURN,CLOSED
821,6966,53,15746,1,2024-03-31,CRITICAL,Solder joint defect,SCRAP,CLOSED
822,760,158,3619,9,2026-05-04,MAJOR,Wrong revision shipped,RETURN,CLOSED
823,8329,354,10528,6,2026-08-23,MINOR,Electrical test failure,REWORK,CLOSED
824,1899,336,9051,7,2025-01-10,MINOR,Material contamination,SCRAP,CLOSED
825,4322,427,2515,1,2023-11-26,MAJOR,Wrong revision shipped,SCRAP,OPEN
826,6889,140,16424,2,2025-01-04,MAJOR,Unapproved substitution,RETURN,CLOSED
827,4444,2,2654,11,2024-11-18,CRITICAL,Dimensional out-of-spec,RETURN,OPEN
828,7836,3,19069,6,2026-07-19,MAJOR,Documentation mismatch,USE_AS_IS,CLOSED
829,8471,313,15832,6,2023-02-22,MAJOR,Electrical test failure,REWORK,CLOSED
830,9783,316,22055,5,2024-11-16,MINOR,Material contamination,RETURN,CLOSED
831,7333,344,9149,1,2026-08-15,CRITICAL,Dimensional out-of-spec,REWORK,CLOSED
832,2859,1,13042,8,2025-01-04,CRITICAL,ESD damage in shipping,USE_AS_IS,CLOSED
833,5613,2,13999,7,2024-07-26,MINOR,Documentation mismatch,RETURN,CLOSED
834,5873,11,14941,1,2024-11-27,CRITICAL,Unapproved substitution,USE_AS_IS,CLOSED
835,5618,1,16400,5,2025-02-21,MINOR,Material contamination,REWORK,CLOSED
836,4559,233,2000,11,2025-11-23,CRITICAL,Electrical test failure,USE_AS_IS,CLOSED
837,3070,2,22655,9,2024-07-21,MINOR,Surface finish degradation,REWORK,CLOSED
838,1972,336,10501,12,2025-07-04,MAJOR,Unapproved substitution,USE_AS_IS,CLOSED
839,4505,3,21845,2,2023-09-21,MINOR,Cracked substrate from shock,RETURN,CLOSED
840,2639,3,6184,12,2023-05-13,MAJOR,Dimensional out-of-spec,USE_AS_IS,OPEN
841,8639,40,22811,5,2026-09-02,MINOR,Documentation mismatch,USE_AS_IS,CLOSED
842,7421,491,10824,9,2023-08-02,CRITICAL,Electrical test failure,REWORK,OPEN
843,7946,1,26845,5,2025-06-30,MINOR,Wrong revision shipped,RETURN,CLOSED
844,1774,2,15030,3,2024-04-30,CRITICAL,ESD damage in shipping,RETURN,CLOSED
845,5409,3,22261,6,2025-12-22,MINOR,ESD damage in shipping,USE_AS_IS,CLOSED
846,9613,358,27310,12,2026-06-08,MAJOR,Documentation mismatch,SCRAP,CLOSED
847,7372,1,17519,5,2025-05-28,MAJOR,Wrong revision shipped,RETURN,CLOSED
848,6725,82,3128,10,2023-04-01,MAJOR,Material contamination,SCRAP,CLOSED
849,5662,442,10613,2,2026-01-13,MINOR,Surface finish degradation,USE_AS_IS,CLOSED
850,8097,458,1679,1,2025-08-15,MINOR,Cracked substrate from shock,SCRAP,CLOSED
851,6310,160,18145,2,2025-02-05,CRITICAL,Surface finish degradation,RETURN,CLOSED
852,8001,227,24595,11,2023-03-27,MINOR,Documentation mismatch,SCRAP,CLOSED
853,7740,2,16381,6,2025-04-19,MAJOR,Electrical test failure,REWORK,CLOSED
854,57,54,4519,3,2024-03-27,CRITICAL,Wrong revision shipped,USE_AS_IS,CLOSED
855,4145,1,7479,2,2023-10-16,CRITICAL,Solder joint defect,SCRAP,CLOSED
856,4601,126,4632,10,2025-04-04,MAJOR,Cracked substrate from shock,SCRAP,CLOSED
857,6957,114,1597,11,2023-02-10,CRITICAL,Wrong revision shipped,RETURN,CLOSED
858,3802,92,15944,3,2026-05-12,MINOR,Electrical test failure,USE_AS_IS,CLOSED
859,9983,1,26877,12,2023-03-01,MINOR,Solder joint defect,SCRAP,CLOSED
860,8774,416,14706,12,2026-09-24,CRITICAL,Wrong revision shipped,REWORK,CLOSED
861,7260,251,4246,3,2024-11-20,MINOR,Dimensional out-of-spec,REWORK,CLOSED
862,8531,375,29981,11,2026-06-15,MAJOR,Documentation mismatch,USE_AS_IS,CLOSED
863,3522,198,23759,2,2023-06-13,CRITICAL,Unapproved substitution,RETURN,OPEN
864,743,279,10482,6,2023-04-09,MAJOR,Documentation mismatch,SCRAP,CLOSED
865,1441,5,8552,10,2023-10-17,MAJOR,Wrong revision shipped,USE_AS_IS,CLOSED
866,1940,219,7051,4,2026-06-17,MAJOR,Surface finish degradation,RETURN,CLOSED
867,1089,3,5016,2,2026-01-16,CRITICAL,Wrong revision shipped,RETURN,CLOSED
868,6337,244,3613,12,2026-03-10,MAJOR,Solder joint defect,REWORK,CLOSED
869,7406,497,1870,3,2025-08-17,MINOR,Wrong revision shipped,REWORK,CLOSED
870,5911,2,10018,6,2026-01-16,MAJOR,ESD damage in shipping,USE_AS_IS,CLOSED
871,6808,15,1503,12,2024-11-20,CRITICAL,Wrong revision shipped,SCRAP,CLOSED
872,120,15,21631,5,2023-08-09,MINOR,Unapproved substitution,REWORK,CLOSED
873,1840,393,17240,7,2025-01-31,MAJOR,Cracked substrate from shock,RETURN,CLOSED
874,6957,226,14391,6,2026-01-04,MINOR,Unapproved substitution,SCRAP,OPEN
875,118,412,17079,10,2023-11-08,MINOR,Electrical test failure,SCRAP,CLOSED
876,5793,418,4800,11,2023-01-28,MINOR,Unapproved substitution,RETURN,CLOSED
877,7229,61,9706,7,2023-10-29,MAJOR,Surface finish degradation,USE_AS_IS,CLOSED
878,8529,58,9316,5,2023-06-10,MAJOR,Wrong revision shipped,USE_AS_IS,CLOSED
879,9783,3,2536,2,2026-02-14,MINOR,Solder joint defect,SCRAP,CLOSED
880,3443,2,6158,8,2025-10-31,MINOR,Electrical test failure,RETURN,CLOSED
881,9977,351,14643,9,2026-04-19,MAJOR,Electrical test failure,SCRAP,CLOSED
882,4108,1,5924,4,2025-02-16,MAJOR,Solder joint defect,REWORK,CLOSED
883,3890,61,14701,1,2025-06-22,CRITICAL,Surface finish degradation,USE_AS_IS,CLOSED
884,6737,31,16730,11,2023-08-26,CRITICAL,Cracked substrate from shock,REWORK,CLOSED
885,6341,2,28320,5,2025-10-29,MAJOR,Documentation mismatch,SCRAP,CLOSED
886,9867,68,4576,6,2025-07-31,CRITICAL,Wrong revision shipped,RETURN,CLOSED
887,2044,435,22021,10,2024-09-30,MAJOR,Material contamination,USE_AS_IS,CLOSED
888,3577,2,26990,6,2023-10-18,CRITICAL,Wrong revision shipped,SCRAP,CLOSED
889,5735,445,25744,8,2023-10-30,MAJOR,Dimensional out-of-spec,REWORK,OPEN
890,6325,270,12832,10,2025-11-27,CRITICAL,Surface finish degradation,REWORK,CLOSED
891,9927,206,22611,1,2023-05-13,MAJOR,Wrong revision shipped,REWORK,CLOSED
892,9669,1,18629,7,2025-12-30,CRITICAL,Wrong revision shipped,USE_AS_IS,CLOSED
893,2979,3,29120,6,2023-05-07,MINOR,ESD damage in shipping,REWORK,CLOSED
894,9904,54,12930,7,2023-11-02,MINOR,Solder joint defect,REWORK,CLOSED
895,284,1,16836,12,2025-09-11,MINOR,Dimensional out-of-spec,REWORK,CLOSED
896,1068,2,4480,8,2025-02-26,MINOR,Documentation mismatch,SCRAP,CLOSED
897,7564,2,28532,1,2025-03-02,MINOR,Wrong revision shipped,USE_AS_IS,CLOSED
898,7055,2,8591,4,2023-03-20,MINOR,Material contamination,RETURN,CLOSED
899,3164,202,15391,1,2023-12-01,MINOR,ESD damage in shipping,RETURN,OPEN
900,6476,3,26330,2,2024-08-05,MAJOR,ESD damage in shipping,USE_AS_IS,CLOSED
901,8141,208,15265,7,2024-12-16,CRITICAL,Material contamination,REWORK,CLOSED
902,5301,3,13574,8,2025-08-14,MINOR,Solder joint defect,SCRAP,CLOSED
903,6087,365,10935,11,2023-12-21,MAJOR,Dimensional out-of-spec,USE_AS_IS,CLOSED
904,5519,1,3106,12,2025-09-29,CRITICAL,Documentation mismatch,SCRAP,CLOSED
905,2706,301,2061,11,2023-01-28,CRITICAL,Material contamination,RETURN,CLOSED
906,5856,2,6006,5,2023-07-29,MAJOR,Documentation mismatch,REWORK,CLOSED
907,4356,3,10091,11,2024-01-28,MINOR,ESD damage in shipping,RETURN,CLOSED
908,2628,482,28849,2,2024-03-10,MINOR,Surface finish degradation,RETURN,CLOSED
909,3611,265,17488,11,2024-04-15,MINOR,Dimensional out-of-spec,REWORK,CLOSED
910,8103,292,68,10,2026-03-16,MAJOR,Unapproved substitution,RETURN,CLOSED
911,2095,2,14466,11,2023-02-23,CRITICAL,Wrong revision shipped,USE_AS_IS,OPEN
912,8536,365,3163,11,2026-01-13,CRITICAL,Documentation mismatch,SCRAP,OPEN
913,5936,373,19116,8,2025-06-03,CRITICAL,Dimensional out-of-spec,REWORK,OPEN
914,9926,480,23683,1,2025-04-08,CRITICAL,ESD damage in shipping,USE_AS_IS,CLOSED
915,2829,82,21435,1,2025-07-14,MINOR,Electrical test failure,USE_AS_IS,CLOSED
916,960,3,7193,8,2023-03-04,MAJOR,ESD damage in shipping,SCRAP,CLOSED
917,5337,119,2447,3,2026-06-13,MINOR,Unapproved substitution,REWORK,CLOSED
918,8443,229,29065,9,2023-08-10,MINOR,Dimensional out-of-spec,SCRAP,CLOSED
919,3980,3,11008,8,2024-03-09,MAJOR,Wrong revision shipped,USE_AS_IS,CLOSED
920,8978,408,27797,3,2025-05-18,MAJOR,Material contamination,SCRAP,CLOSED
921,8286,255,8905,3,2026-02-02,MAJOR,Electrical test failure,RETURN,CLOSED
922,3535,14,6781,3,2024-08-11,MINOR,Documentation mismatch,SCRAP,CLOSED
923,5778,3,21030,7,2024-11-20,MAJOR,Electrical test failure,USE_AS_IS,OPEN
924,8088,2,12066,12,2024-11-20,MAJOR,ESD damage in shipping,RETURN,CLOSED
925,626,1,14137,1,2025-02-10,CRITICAL,Dimensional out-of-spec,SCRAP,CLOSED
926,3245,158,12399,6,2023-01-22,CRITICAL,Electrical test failure,USE_AS_IS,CLOSED
927,5266,345,7729,1,2023-01-21,MAJOR,Material contamination,RETURN,CLOSED
928,8453,2,18012,6,2025-07-23,MINOR,ESD damage in shipping,SCRAP,CLOSED
929,1963,22,22571,3,2026-03-04,MINOR,Unapproved substitution,RETURN,OPEN
930,1826,282,10544,3,2024-02-06,CRITICAL,Surface finish degradation,REWORK,CLOSED
931,4198,244,8787,4,2024-09-15,MAJOR,Dimensional out-of-spec,RETURN,CLOSED
932,5849,274,24373,9,2023-11-29,MAJOR,Documentation mismatch,SCRAP,CLOSED
933,4329,284,18618,5,2025-11-01,MINOR,Dimensional out-of-spec,USE_AS_IS,CLOSED
934,1901,393,3648,4,2024-07-02,MAJOR,Solder joint defect,USE_AS_IS,CLOSED
935,9731,3,1846,1,2023-05-21,MINOR,Cracked substrate from shock,RETURN,CLOSED
936,4452,2,2133,2,2023-12-09,MAJOR,Solder joint defect,REWORK,CLOSED
937,2212,280,25731,6,2025-11-26,CRITICAL,Wrong revision shipped,REWORK,CLOSED
938,5701,55,27936,4,2023-03-19,MINOR,Electrical test failure,RETURN,CLOSED
939,805,399,28532,3,2026-09-15,CRITICAL,Cracked substrate from shock,SCRAP,CLOSED
940,4834,3,12656,10,2023-04-06,CRITICAL,Electrical test failure,REWORK,CLOSED
941,1456,359,3270,11,2023-01-27,MAJOR,Material contamination,SCRAP,CLOSED
942,7252,2,5832,2,2024-03-08,CRITICAL,Surface finish degradation,USE_AS_IS,CLOSED
943,5936,480,17708,11,2026-09-22,CRITICAL,Dimensional out-of-spec,RETURN,CLOSED
944,5075,79,29177,11,2024-04-30,MINOR,Documentation mismatch,REWORK,CLOSED
945,1723,485,11063,10,2026-04-27,CRITICAL,Solder joint defect,SCRAP,CLOSED
946,1254,481,28048,6,2026-08-23,MINOR,Documentation mismatch,USE_AS_IS,CLOSED
947,918,2,19585,6,2026-03-05,MAJOR,Unapproved substitution,REWORK,CLOSED
948,4471,345,20880,5,2026-08-05,MAJOR,Cracked substrate from shock,RETURN,OPEN
949,8562,386,28749,2,2025-09-30,MAJOR,Unapproved substitution,REWORK,CLOSED
950,9411,2,18286,12,2023-05-16,MINOR,Documentation mismatch,RETURN,CLOSED
951,225,151,27147,5,2025-03-15,CRITICAL,Documentation mismatch,USE_AS_IS,OPEN
952,9530,205,9143,1,2023-08-13,CRITICAL,Unapproved substitution,SCRAP,CLOSED
953,4820,460,8149,3,2026-05-04,MINOR,Material contamination,USE_AS_IS,CLOSED
954,2848,419,21949,12,2026-02-15,MAJOR,Cracked substrate from shock,SCRAP,CLOSED
955,6622,17,19418,3,2023-10-28,MINOR,Documentation mismatch,USE_AS_IS,CLOSED
956,5695,281,4306,8,2023-07-19,MINOR,Dimensional out-of-spec,RETURN,CLOSED
957,7508,491,3259,9,2025-07-03,MAJOR,Wrong revision shipped,SCRAP,CLOSED
958,2361,433,14967,9,2026-09-25,CRITICAL,Cracked substrate from shock,USE_AS_IS,CLOSED
959,9420,2,29164,5,2026-06-03,MAJOR,ESD damage in shipping,REWORK,CLOSED
960,5391,414,17297,11,2025-05-18,CRITICAL,Wrong revision shipped,SCRAP,CLOSED
961,2624,117,28891,3,2024-11-17,CRITICAL,Documentation mismatch,REWORK,CLOSED
962,3889,421,14316,6,2025-11-19,MINOR,Wrong revision shipped,REWORK,CLOSED
963,5084,3,29336,6,2025-01-28,CRITICAL,Documentation mismatch,REWORK,CLOSED
964,7476,357,11910,2,2023-07-28,MAJOR,Cracked substrate from shock,REWORK,CLOSED
965,343,442,25033,2,2023-04-08,CRITICAL,Material contamination,SCRAP,CLOSED
966,5577,1,18531,9,2024-12-04,CRITICAL,Cracked substrate from shock,RETURN,CLOSED
967,4333,3,15653,3,2026-08-01,MINOR,Wrong revision shipped,USE_AS_IS,CLOSED
968,3748,78,4990,2,2023-08-03,MINOR,ESD damage in shipping,REWORK,CLOSED
969,4066,286,16917,11,2023-04-27,MAJOR,Material contamination,SCRAP,CLOSED
970,5146,242,1771,12,2025-06-16,MAJOR,Electrical test failure,RETURN,CLOSED
971,4945,41,7274,3,2026-06-04,CRITICAL,Material contamination,RETURN,OPEN
972,3838,468,13929,5,2026-03-14,MAJOR,Cracked substrate from shock,SCRAP,CLOSED
973,1987,3,11391,7,2025-09-21,MAJOR,Wrong revision shipped,USE_AS_IS,CLOSED
974,3961,1,4728,10,2023-11-08,CRITICAL,Cracked substrate from shock,REWORK,CLOSED
975,1113,354,26503,9,2024-01-05,MINOR,Electrical test failure,SCRAP,CLOSED
976,6259,306,5118,1,2026-02-04,MAJOR,Dimensional out-of-spec,RETURN,CLOSED
977,6844,492,8592,5,2023-03-03,MAJOR,Wrong revision shipped,REWORK,CLOSED
978,5399,3,25349,5,2025-02-16,MINOR,Cracked substrate from shock,SCRAP,CLOSED
979,6703,170,21522,10,2026-03-06,CRITICAL,Cracked substrate from shock,USE_AS_IS,CLOSED
980,5544,3,15446,10,2023-05-05,MAJOR,ESD damage in shipping,RETURN,CLOSED
981,9080,102,16372,9,2024-05-25,MAJOR,Electrical test failure,RETURN,CLOSED
982,9305,441,16356,12,2024-04-23,MINOR,Unapproved substitution,REWORK,CLOSED
983,781,1,16568,4,2023-09-26,MAJOR,Unapproved substitution,SCRAP,CLOSED
984,7800,1,5892,7,2025-08-29,CRITICAL,Unapproved substitution,SCRAP,CLOSED
985,9211,377,14836,10,2026-06-30,MAJOR,Material contamination,REWORK,CLOSED
986,6852,375,8840,12,2024-08-17,MINOR,Cracked substrate from shock,SCRAP,CLOSED
987,6011,454,29241,6,2026-03-16,MAJOR,Wrong revision shipped,REWORK,CLOSED
988,4657,89,25240,7,2024-09-22,CRITICAL,Cracked substrate from shock,SCRAP,OPEN
989,234,304,28572,2,2026-03-10,MINOR,Unapproved substitution,REWORK,CLOSED
990,4342,1,10878,5,2025-06-30,MAJOR,Material contamination,RETURN,CLOSED
991,8334,55,5716,2,2025-08-15,MINOR,Unapproved substitution,REWORK,CLOSED
992,1279,52,10614,9,2024-01-21,CRITICAL,ESD damage in shipping,SCRAP,CLOSED
993,3361,108,8662,5,2023-01-08,MAJOR,Material contamination,SCRAP,CLOSED
994,6260,3,19819,7,2025-04-25,MINOR,Solder joint defect,USE_AS_IS,CLOSED
995,2,490,21836,4,2025-06-15,CRITICAL,Solder joint defect,REWORK,CLOSED
996,1869,2,4849,4,2024-03-22,MINOR,Wrong revision shipped,REWORK,CLOSED
997,3119,420,7387,3,2026-09-09,CRITICAL,Documentation mismatch,RETURN,CLOSED
998,14,63,14592,7,2026-01-22,MINOR,Dimensional out-of-spec,RETURN,CLOSED
999,9398,167,1921,7,2025-12-05,CRITICAL,Documentation mismatch,REWORK,CLOSED
1000,556,2,24610,12,2024-07-19,MINOR,Electrical test failure,SCRAP,CLOSED
